file,line,type,commit,author,date,time,timezone,datetime,depth,length
style.css,1,css,f38ce9cf,ColecamC,2026-04-03,19:20:15,-07:00,2026-04-03T19:20:15-07:00,0,4
style.css,2,css,f38ce9cf,ColecamC,2026-04-03,19:20:15,-07:00,2026-04-03T19:20:15-07:00,1,43
style.css,3,css,f38ce9cf,ColecamC,2026-04-03,19:20:15,-07:00,2026-04-03T19:20:15-07:00,0,42
style.css,4,css,f38ce9cf,ColecamC,2026-04-03,19:20:15,-07:00,2026-04-03T19:20:15-07:00,0,0
style.css,5,css,f38ce9cf,ColecamC,2026-04-03,19:20:15,-07:00,2026-04-03T19:20:15-07:00,1,23
style.css,6,css,d2366d26,ColecamC,2026-04-10,21:38:26,-07:00,2026-04-10T21:38:26-07:00,1,15
style.css,7,css,d2366d26,ColecamC,2026-04-10,21:38:26,-07:00,2026-04-10T21:38:26-07:00,1,18
style.css,8,css,d2366d26,ColecamC,2026-04-10,21:38:26,-07:00,2026-04-10T21:38:26-07:00,1,12
style.css,9,css,d2366d26,ColecamC,2026-04-10,21:38:26,-07:00,2026-04-10T21:38:26-07:00,0,0
style.css,10,css,d2366d26,ColecamC,2026-04-10,21:38:26,-07:00,2026-04-10T21:38:26-07:00,0,0
style.css,11,css,d2366d26,ColecamC,2026-04-10,21:38:26,-07:00,2026-04-10T21:38:26-07:00,0,0
style.css,12,css,d2366d26,ColecamC,2026-04-10,21:38:26,-07:00,2026-04-10T21:38:26-07:00,0,2
style.css,13,css,d2366d26,ColecamC,2026-04-10,21:38:26,-07:00,2026-04-10T21:38:26-07:00,1,16
style.css,14,css,d2366d26,ColecamC,2026-04-10,21:38:26,-07:00,2026-04-10T21:38:26-07:00,0,0
style.css,15,css,d2366d26,ColecamC,2026-04-10,21:38:26,-07:00,2026-04-10T21:38:26-07:00,0,2
style.css,16,css,d2366d26,ColecamC,2026-04-10,21:38:26,-07:00,2026-04-10T21:38:26-07:00,1,16
style.css,17,css,d2366d26,ColecamC,2026-04-10,21:38:26,-07:00,2026-04-10T21:38:26-07:00,0,0
style.css,18,css,d2366d26,ColecamC,2026-04-10,21:38:26,-07:00,2026-04-10T21:38:26-07:00,0,0
style.css,19,css,d2366d26,ColecamC,2026-04-10,21:38:26,-07:00,2026-04-10T21:38:26-07:00,0,3
style.css,20,css,d2366d26,ColecamC,2026-04-10,21:38:26,-07:00,2026-04-10T21:38:26-07:00,1,12
style.css,21,css,d2366d26,ColecamC,2026-04-10,21:38:26,-07:00,2026-04-10T21:38:26-07:00,1,17
style.css,22,css,d2366d26,ColecamC,2026-04-10,21:38:26,-07:00,2026-04-10T21:38:26-07:00,1,23
style.css,23,css,d2366d26,ColecamC,2026-04-10,21:38:26,-07:00,2026-04-10T21:38:26-07:00,1,25
style.css,24,css,d2366d26,ColecamC,2026-04-10,21:38:26,-07:00,2026-04-10T21:38:26-07:00,1,50
style.css,25,css,d2366d26,ColecamC,2026-04-10,21:38:26,-07:00,2026-04-10T21:38:26-07:00,0,0
style.css,26,css,d2366d26,ColecamC,2026-04-10,21:38:26,-07:00,2026-04-10T21:38:26-07:00,0,1
style.css,27,css,d2366d26,ColecamC,2026-04-10,21:38:26,-07:00,2026-04-10T21:38:26-07:00,1,6
style.css,28,css,d2366d26,ColecamC,2026-04-10,21:38:26,-07:00,2026-04-10T21:38:26-07:00,1,20
style.css,29,css,d2366d26,ColecamC,2026-04-10,21:38:26,-07:00,2026-04-10T21:38:26-07:00,1,13
style.css,30,css,d2366d26,ColecamC,2026-04-10,21:38:26,-07:00,2026-04-10T21:38:26-07:00,1,17
style.css,31,css,d2366d26,ColecamC,2026-04-10,21:38:26,-07:00,2026-04-10T21:38:26-07:00,1,13
style.css,32,css,d2366d26,ColecamC,2026-04-10,21:38:26,-07:00,2026-04-10T21:38:26-07:00,0,0
style.css,33,css,d2366d26,ColecamC,2026-04-10,21:38:26,-07:00,2026-04-10T21:38:26-07:00,0,9
style.css,34,css,d2366d26,ColecamC,2026-04-10,21:38:26,-07:00,2026-04-10T21:38:26-07:00,1,25
style.css,35,css,d2366d26,ColecamC,2026-04-10,21:38:26,-07:00,2026-04-10T21:38:26-07:00,1,25
style.css,36,css,d2366d26,ColecamC,2026-04-10,21:38:26,-07:00,2026-04-10T21:38:26-07:00,1,48
style.css,37,css,d2366d26,ColecamC,2026-04-10,21:38:26,-07:00,2026-04-10T21:38:26-07:00,1,20
style.css,38,css,d2366d26,ColecamC,2026-04-10,21:38:26,-07:00,2026-04-10T21:38:26-07:00,1,16
style.css,39,css,d2366d26,ColecamC,2026-04-10,21:38:26,-07:00,2026-04-10T21:38:26-07:00,0,0
style.css,40,css,d2366d26,ColecamC,2026-04-10,21:38:26,-07:00,2026-04-10T21:38:26-07:00,0,0
style.css,41,css,d2366d26,ColecamC,2026-04-10,21:38:26,-07:00,2026-04-10T21:38:26-07:00,0,4
style.css,42,css,d2366d26,ColecamC,2026-04-10,21:38:26,-07:00,2026-04-10T21:38:26-07:00,1,32
style.css,43,css,ee25c528,ColecamC,2026-04-18,22:55:16,-07:00,2026-04-18T22:55:16-07:00,1,45
style.css,44,css,ee25c528,ColecamC,2026-04-18,22:55:16,-07:00,2026-04-18T22:55:16-07:00,1,22
style.css,45,css,d2366d26,ColecamC,2026-04-10,21:38:26,-07:00,2026-04-10T21:38:26-07:00,0,0
style.css,46,css,d2366d26,ColecamC,2026-04-10,21:38:26,-07:00,2026-04-10T21:38:26-07:00,0,0
style.css,47,css,d2366d26,ColecamC,2026-04-10,21:38:26,-07:00,2026-04-10T21:38:26-07:00,0,7
style.css,48,css,ee25c528,ColecamC,2026-04-18,22:55:16,-07:00,2026-04-18T22:55:16-07:00,1,39
style.css,49,css,ee25c528,ColecamC,2026-04-18,22:55:16,-07:00,2026-04-18T22:55:16-07:00,1,57
style.css,50,css,ee25c528,ColecamC,2026-04-18,22:55:16,-07:00,2026-04-18T22:55:16-07:00,1,69
style.css,51,css,d2366d26,ColecamC,2026-04-10,21:38:26,-07:00,2026-04-10T21:38:26-07:00,0,0
style.css,52,css,d2366d26,ColecamC,2026-04-10,21:38:26,-07:00,2026-04-10T21:38:26-07:00,0,0
style.css,53,css,d2366d26,ColecamC,2026-04-10,21:38:26,-07:00,2026-04-10T21:38:26-07:00,0,23
style.css,54,css,d2366d26,ColecamC,2026-04-10,21:38:26,-07:00,2026-04-10T21:38:26-07:00,1,12
style.css,55,css,d2366d26,ColecamC,2026-04-10,21:38:26,-07:00,2026-04-10T21:38:26-07:00,1,16
style.css,56,css,d2366d26,ColecamC,2026-04-10,21:38:26,-07:00,2026-04-10T21:38:26-07:00,1,10
style.css,57,css,d2366d26,ColecamC,2026-04-10,21:38:26,-07:00,2026-04-10T21:38:26-07:00,1,24
style.css,58,css,d2366d26,ColecamC,2026-04-10,21:38:26,-07:00,2026-04-10T21:38:26-07:00,0,0
style.css,59,css,d2366d26,ColecamC,2026-04-10,21:38:26,-07:00,2026-04-10T21:38:26-07:00,0,0
style.css,60,css,d2366d26,ColecamC,2026-04-10,21:38:26,-07:00,2026-04-10T21:38:26-07:00,0,4
style.css,61,css,d2366d26,ColecamC,2026-04-10,21:38:26,-07:00,2026-04-10T21:38:26-07:00,1,12
style.css,62,css,d2366d26,ColecamC,2026-04-10,21:38:26,-07:00,2026-04-10T21:38:26-07:00,1,30
style.css,63,css,d2366d26,ColecamC,2026-04-10,21:38:26,-07:00,2026-04-10T21:38:26-07:00,1,7
style.css,64,css,d2366d26,ColecamC,2026-04-10,21:38:26,-07:00,2026-04-10T21:38:26-07:00,0,0
style.css,65,css,d2366d26,ColecamC,2026-04-10,21:38:26,-07:00,2026-04-10T21:38:26-07:00,0,0
style.css,66,css,d2366d26,ColecamC,2026-04-10,21:38:26,-07:00,2026-04-10T21:38:26-07:00,0,5
style.css,67,css,d2366d26,ColecamC,2026-04-10,21:38:26,-07:00,2026-04-10T21:38:26-07:00,1,12
style.css,68,css,d2366d26,ColecamC,2026-04-10,21:38:26,-07:00,2026-04-10T21:38:26-07:00,1,29
style.css,69,css,d2366d26,ColecamC,2026-04-10,21:38:26,-07:00,2026-04-10T21:38:26-07:00,1,19
style.css,70,css,d2366d26,ColecamC,2026-04-10,21:38:26,-07:00,2026-04-10T21:38:26-07:00,0,0
style.css,71,css,d2366d26,ColecamC,2026-04-10,21:38:26,-07:00,2026-04-10T21:38:26-07:00,0,0
style.css,72,css,d2366d26,ColecamC,2026-04-10,21:38:26,-07:00,2026-04-10T21:38:26-07:00,0,6
style.css,73,css,d2366d26,ColecamC,2026-04-10,21:38:26,-07:00,2026-04-10T21:38:26-07:00,1,17
style.css,74,css,d2366d26,ColecamC,2026-04-10,21:38:26,-07:00,2026-04-10T21:38:26-07:00,1,15
style.css,75,css,d2366d26,ColecamC,2026-04-10,21:38:26,-07:00,2026-04-10T21:38:26-07:00,1,32
style.css,76,css,d2366d26,ColecamC,2026-04-10,21:38:26,-07:00,2026-04-10T21:38:26-07:00,1,18
style.css,77,css,d2366d26,ColecamC,2026-04-10,21:38:26,-07:00,2026-04-10T21:38:26-07:00,0,0
style.css,78,css,d2366d26,ColecamC,2026-04-10,21:38:26,-07:00,2026-04-10T21:38:26-07:00,0,0
style.css,79,css,d2366d26,ColecamC,2026-04-10,21:38:26,-07:00,2026-04-10T21:38:26-07:00,0,9
style.css,80,css,d2366d26,ColecamC,2026-04-10,21:38:26,-07:00,2026-04-10T21:38:26-07:00,1,12
style.css,81,css,d2366d26,ColecamC,2026-04-10,21:38:26,-07:00,2026-04-10T21:38:26-07:00,1,58
style.css,82,css,d2366d26,ColecamC,2026-04-10,21:38:26,-07:00,2026-04-10T21:38:26-07:00,1,13
style.css,83,css,d2366d26,ColecamC,2026-04-10,21:38:26,-07:00,2026-04-10T21:38:26-07:00,0,0
style.css,84,css,d2366d26,ColecamC,2026-04-10,21:38:26,-07:00,2026-04-10T21:38:26-07:00,0,0
style.css,85,css,d2366d26,ColecamC,2026-04-10,21:38:26,-07:00,2026-04-10T21:38:26-07:00,0,7
style.css,86,css,d2366d26,ColecamC,2026-04-10,21:38:26,-07:00,2026-04-10T21:38:26-07:00,1,12
style.css,87,css,d2366d26,ColecamC,2026-04-10,21:38:26,-07:00,2026-04-10T21:38:26-07:00,1,26
style.css,88,css,d2366d26,ColecamC,2026-04-10,21:38:26,-07:00,2026-04-10T21:38:26-07:00,1,15
style.css,89,css,d2366d26,ColecamC,2026-04-10,21:38:26,-07:00,2026-04-10T21:38:26-07:00,0,0
style.css,90,css,d2366d26,ColecamC,2026-04-10,21:38:26,-07:00,2026-04-10T21:38:26-07:00,0,0
style.css,91,css,d2366d26,ColecamC,2026-04-10,21:38:26,-07:00,2026-04-10T21:38:26-07:00,0,2
style.css,92,css,d2366d26,ColecamC,2026-04-10,21:38:26,-07:00,2026-04-10T21:38:26-07:00,1,8
style.css,93,css,d2366d26,ColecamC,2026-04-10,21:38:26,-07:00,2026-04-10T21:38:26-07:00,0,0
style.css,94,css,d2366d26,ColecamC,2026-04-10,21:38:26,-07:00,2026-04-10T21:38:26-07:00,0,2
style.css,95,css,d2366d26,ColecamC,2026-04-10,21:38:26,-07:00,2026-04-10T21:38:26-07:00,1,13
style.css,96,css,d2366d26,ColecamC,2026-04-10,21:38:26,-07:00,2026-04-10T21:38:26-07:00,0,0
style.css,97,css,d2366d26,ColecamC,2026-04-10,21:38:26,-07:00,2026-04-10T21:38:26-07:00,0,22
style.css,98,css,d2366d26,ColecamC,2026-04-10,21:38:26,-07:00,2026-04-10T21:38:26-07:00,1,15
style.css,99,css,d2366d26,ColecamC,2026-04-10,21:38:26,-07:00,2026-04-10T21:38:26-07:00,1,17
style.css,100,css,d2366d26,ColecamC,2026-04-10,21:38:26,-07:00,2026-04-10T21:38:26-07:00,0,0
style.css,101,css,d2366d26,ColecamC,2026-04-10,21:38:26,-07:00,2026-04-10T21:38:26-07:00,0,7
style.css,102,css,d2366d26,ColecamC,2026-04-10,21:38:26,-07:00,2026-04-10T21:38:26-07:00,1,13
style.css,103,css,d2366d26,ColecamC,2026-04-10,21:38:26,-07:00,2026-04-10T21:38:26-07:00,0,0
style.css,104,css,d2366d26,ColecamC,2026-04-10,21:38:26,-07:00,2026-04-10T21:38:26-07:00,0,0
style.css,105,css,d2366d26,ColecamC,2026-04-10,21:38:26,-07:00,2026-04-10T21:38:26-07:00,0,15
style.css,106,css,d2366d26,ColecamC,2026-04-10,21:38:26,-07:00,2026-04-10T21:38:26-07:00,1,13
style.css,107,css,d2366d26,ColecamC,2026-04-10,21:38:26,-07:00,2026-04-10T21:38:26-07:00,0,0
style.css,108,css,d2366d26,ColecamC,2026-04-10,21:38:26,-07:00,2026-04-10T21:38:26-07:00,0,0
style.css,109,css,d2366d26,ColecamC,2026-04-10,21:38:26,-07:00,2026-04-10T21:38:26-07:00,0,14
style.css,110,css,d2366d26,ColecamC,2026-04-10,21:38:26,-07:00,2026-04-10T21:38:26-07:00,1,17
style.css,111,css,d2366d26,ColecamC,2026-04-10,21:38:26,-07:00,2026-04-10T21:38:26-07:00,0,0
style.css,112,css,d2366d26,ColecamC,2026-04-10,21:38:26,-07:00,2026-04-10T21:38:26-07:00,0,0
style.css,113,css,d2366d26,ColecamC,2026-04-10,21:38:26,-07:00,2026-04-10T21:38:26-07:00,0,7
style.css,114,css,d2366d26,ColecamC,2026-04-10,21:38:26,-07:00,2026-04-10T21:38:26-07:00,1,19
style.css,115,css,d2366d26,ColecamC,2026-04-10,21:38:26,-07:00,2026-04-10T21:38:26-07:00,0,0
style.css,116,css,d2366d26,ColecamC,2026-04-10,21:38:26,-07:00,2026-04-10T21:38:26-07:00,0,0
style.css,117,css,d2366d26,ColecamC,2026-04-10,21:38:26,-07:00,2026-04-10T21:38:26-07:00,0,6
style.css,118,css,d2366d26,ColecamC,2026-04-10,21:38:26,-07:00,2026-04-10T21:38:26-07:00,1,17
style.css,119,css,d2366d26,ColecamC,2026-04-10,21:38:26,-07:00,2026-04-10T21:38:26-07:00,0,0
style.css,120,css,d2366d26,ColecamC,2026-04-10,21:38:26,-07:00,2026-04-10T21:38:26-07:00,0,0
style.css,121,css,d2366d26,ColecamC,2026-04-10,21:38:26,-07:00,2026-04-10T21:38:26-07:00,0,12
style.css,122,css,d2366d26,ColecamC,2026-04-10,21:38:26,-07:00,2026-04-10T21:38:26-07:00,0,16
style.css,123,css,d2366d26,ColecamC,2026-04-10,21:38:26,-07:00,2026-04-10T21:38:26-07:00,1,12
style.css,124,css,d2366d26,ColecamC,2026-04-10,21:38:26,-07:00,2026-04-10T21:38:26-07:00,1,29
style.css,125,css,f38ce9cf,ColecamC,2026-04-03,19:20:15,-07:00,2026-04-03T19:20:15-07:00,0,0
style.css,126,css,ee25c528,ColecamC,2026-04-18,22:55:16,-07:00,2026-04-18T22:55:16-07:00,0,0
style.css,127,css,ee25c528,ColecamC,2026-04-18,22:55:16,-07:00,2026-04-18T22:55:16-07:00,0,3
style.css,128,css,ee25c528,ColecamC,2026-04-18,22:55:16,-07:00,2026-04-18T22:55:16-07:00,1,39
style.css,129,css,ee25c528,ColecamC,2026-04-18,22:55:16,-07:00,2026-04-18T22:55:16-07:00,1,41
style.css,130,css,ee25c528,ColecamC,2026-04-18,22:55:16,-07:00,2026-04-18T22:55:16-07:00,0,0
style.css,131,css,ee25c528,ColecamC,2026-04-18,22:55:16,-07:00,2026-04-18T22:55:16-07:00,0,0
style.css,132,css,ee25c528,ColecamC,2026-04-18,22:55:16,-07:00,2026-04-18T22:55:16-07:00,0,18
style.css,133,css,ee25c528,ColecamC,2026-04-18,22:55:16,-07:00,2026-04-18T22:55:16-07:00,1,17
style.css,134,css,ee25c528,ColecamC,2026-04-18,22:55:16,-07:00,2026-04-18T22:55:16-07:00,1,8
style.css,135,css,ee25c528,ColecamC,2026-04-18,22:55:16,-07:00,2026-04-18T22:55:16-07:00,1,10
style.css,136,css,7f533b0c,ColecamC,2026-04-25,22:01:50,-07:00,2026-04-25T22:01:50-07:00,0,0
style.css,137,css,7f533b0c,ColecamC,2026-04-25,22:01:50,-07:00,2026-04-25T22:01:50-07:00,0,0
style.css,138,css,7f533b0c,ColecamC,2026-04-25,22:01:50,-07:00,2026-04-25T22:01:50-07:00,0,14
style.css,139,css,7f533b0c,ColecamC,2026-04-25,22:01:50,-07:00,2026-04-25T22:01:50-07:00,1,16
style.css,140,css,7f533b0c,ColecamC,2026-04-25,22:01:50,-07:00,2026-04-25T22:01:50-07:00,0,0
style.css,141,css,7f533b0c,ColecamC,2026-04-25,22:01:50,-07:00,2026-04-25T22:01:50-07:00,0,0
style.css,142,css,7f533b0c,ColecamC,2026-04-25,22:01:50,-07:00,2026-04-25T22:01:50-07:00,0,17
style.css,143,css,7f533b0c,ColecamC,2026-04-25,22:01:50,-07:00,2026-04-25T22:01:50-07:00,1,12
style.css,144,css,7f533b0c,ColecamC,2026-04-25,22:01:50,-07:00,2026-04-25T22:01:50-07:00,1,36
style.css,145,css,7f533b0c,ColecamC,2026-04-25,22:01:50,-07:00,2026-04-25T22:01:50-07:00,1,69
style.css,146,css,7f533b0c,ColecamC,2026-04-25,22:01:50,-07:00,2026-04-25T22:01:50-07:00,1,19
style.css,147,css,7f533b0c,ColecamC,2026-04-25,22:01:50,-07:00,2026-04-25T22:01:50-07:00,1,11
style.css,148,css,7f533b0c,ColecamC,2026-04-25,22:01:50,-07:00,2026-04-25T22:01:50-07:00,1,11
style.css,149,css,7f533b0c,ColecamC,2026-04-25,22:01:50,-07:00,2026-04-25T22:01:50-07:00,1,8
style.css,150,css,7f533b0c,ColecamC,2026-04-25,22:01:50,-07:00,2026-04-25T22:01:50-07:00,0,0
style.css,151,css,7f533b0c,ColecamC,2026-04-25,22:01:50,-07:00,2026-04-25T22:01:50-07:00,0,0
style.css,152,css,7f533b0c,ColecamC,2026-04-25,22:01:50,-07:00,2026-04-25T22:01:50-07:00,0,17
style.css,153,css,7f533b0c,ColecamC,2026-04-25,22:01:50,-07:00,2026-04-25T22:01:50-07:00,1,10
style.css,154,css,7f533b0c,ColecamC,2026-04-25,22:01:50,-07:00,2026-04-25T22:01:50-07:00,1,15
style.css,155,css,7f533b0c,ColecamC,2026-04-25,22:01:50,-07:00,2026-04-25T22:01:50-07:00,1,24
style.css,156,css,7f533b0c,ColecamC,2026-04-25,22:01:50,-07:00,2026-04-25T22:01:50-07:00,1,21
style.css,157,css,7f533b0c,ColecamC,2026-04-25,22:01:50,-07:00,2026-04-25T22:01:50-07:00,1,11
style.css,158,css,7f533b0c,ColecamC,2026-04-25,22:01:50,-07:00,2026-04-25T22:01:50-07:00,0,0
style.css,159,css,7f533b0c,ColecamC,2026-04-25,22:01:50,-07:00,2026-04-25T22:01:50-07:00,0,0
style.css,160,css,7f533b0c,ColecamC,2026-04-25,22:01:50,-07:00,2026-04-25T22:01:50-07:00,0,17
style.css,161,css,7f533b0c,ColecamC,2026-04-25,22:01:50,-07:00,2026-04-25T22:01:50-07:00,1,10
style.css,162,css,7f533b0c,ColecamC,2026-04-25,22:01:50,-07:00,2026-04-25T22:01:50-07:00,1,15
style.css,163,css,7f533b0c,ColecamC,2026-04-25,22:01:50,-07:00,2026-04-25T22:01:50-07:00,1,16
style.css,164,css,7f533b0c,ColecamC,2026-04-25,22:01:50,-07:00,2026-04-25T22:01:50-07:00,1,8
style.css,165,css,7f533b0c,ColecamC,2026-04-25,22:01:50,-07:00,2026-04-25T22:01:50-07:00,1,25
style.css,166,css,8978c858,ColecamC,2026-05-02,02:04:43,-07:00,2026-05-02T02:04:43-07:00,0,0
style.css,167,css,8978c858,ColecamC,2026-05-02,02:04:43,-07:00,2026-05-02T02:04:43-07:00,0,0
style.css,168,css,8978c858,ColecamC,2026-05-02,02:04:43,-07:00,2026-05-02T02:04:43-07:00,0,18
style.css,169,css,8978c858,ColecamC,2026-05-02,02:04:43,-07:00,2026-05-02T02:04:43-07:00,1,14
style.css,170,css,8978c858,ColecamC,2026-05-02,02:04:43,-07:00,2026-05-02T02:04:43-07:00,1,16
style.css,171,css,8978c858,ColecamC,2026-05-02,02:04:43,-07:00,2026-05-02T02:04:43-07:00,0,0
style.css,172,css,8978c858,ColecamC,2026-05-02,02:04:43,-07:00,2026-05-02T02:04:43-07:00,1,16
style.css,173,css,8978c858,ColecamC,2026-05-02,02:04:43,-07:00,2026-05-02T02:04:43-07:00,0,0
style.css,174,css,8978c858,ColecamC,2026-05-02,02:04:43,-07:00,2026-05-02T02:04:43-07:00,0,0
style.css,175,css,8978c858,ColecamC,2026-05-02,02:04:43,-07:00,2026-05-02T02:04:43-07:00,0,7
style.css,176,css,8978c858,ColecamC,2026-05-02,02:04:43,-07:00,2026-05-02T02:04:43-07:00,1,12
style.css,177,css,8978c858,ColecamC,2026-05-02,02:04:43,-07:00,2026-05-02T02:04:43-07:00,1,57
style.css,178,css,8978c858,ColecamC,2026-05-02,02:04:43,-07:00,2026-05-02T02:04:43-07:00,1,19
style.css,179,css,8978c858,ColecamC,2026-05-02,02:04:43,-07:00,2026-05-02T02:04:43-07:00,1,69
style.css,180,css,8978c858,ColecamC,2026-05-02,02:04:43,-07:00,2026-05-02T02:04:43-07:00,1,13
style.css,181,css,8978c858,ColecamC,2026-05-02,02:04:43,-07:00,2026-05-02T02:04:43-07:00,1,6
style.css,182,css,8978c858,ColecamC,2026-05-02,02:04:43,-07:00,2026-05-02T02:04:43-07:00,0,0
style.css,183,css,8978c858,ColecamC,2026-05-02,02:04:43,-07:00,2026-05-02T02:04:43-07:00,0,12
style.css,184,css,8978c858,ColecamC,2026-05-02,02:04:43,-07:00,2026-05-02T02:04:43-07:00,1,12
style.css,185,css,8978c858,ColecamC,2026-05-02,02:04:43,-07:00,2026-05-02T02:04:43-07:00,1,18
style.css,186,css,8978c858,ColecamC,2026-05-02,02:04:43,-07:00,2026-05-02T02:04:43-07:00,1,9
style.css,187,css,8978c858,ColecamC,2026-05-02,02:04:43,-07:00,2026-05-02T02:04:43-07:00,0,0
style.css,188,css,8978c858,ColecamC,2026-05-02,02:04:43,-07:00,2026-05-02T02:04:43-07:00,0,0
style.css,189,css,8978c858,ColecamC,2026-05-02,02:04:43,-07:00,2026-05-02T02:04:43-07:00,0,7
style.css,190,css,8978c858,ColecamC,2026-05-02,02:04:43,-07:00,2026-05-02T02:04:43-07:00,1,11
style.css,191,css,8978c858,ColecamC,2026-05-02,02:04:43,-07:00,2026-05-02T02:04:43-07:00,1,12
style.css,192,css,8978c858,ColecamC,2026-05-02,02:04:43,-07:00,2026-05-02T02:04:43-07:00,1,29
style.css,193,css,8978c858,ColecamC,2026-05-02,02:04:43,-07:00,2026-05-02T02:04:43-07:00,1,17
style.css,194,css,8978c858,ColecamC,2026-05-02,02:04:43,-07:00,2026-05-02T02:04:43-07:00,1,20
style.css,195,css,8978c858,ColecamC,2026-05-02,02:04:43,-07:00,2026-05-02T02:04:43-07:00,0,0
style.css,196,css,8978c858,ColecamC,2026-05-02,02:04:43,-07:00,2026-05-02T02:04:43-07:00,0,0
style.css,197,css,8978c858,ColecamC,2026-05-02,02:04:43,-07:00,2026-05-02T02:04:43-07:00,0,10
style.css,198,css,8978c858,ColecamC,2026-05-02,02:04:43,-07:00,2026-05-02T02:04:43-07:00,1,12
style.css,199,css,8978c858,ColecamC,2026-05-02,02:04:43,-07:00,2026-05-02T02:04:43-07:00,1,18
style.css,200,css,8978c858,ColecamC,2026-05-02,02:04:43,-07:00,2026-05-02T02:04:43-07:00,1,7
style.css,201,css,8978c858,ColecamC,2026-05-02,02:04:43,-07:00,2026-05-02T02:04:43-07:00,1,14
style.css,202,css,8978c858,ColecamC,2026-05-02,02:04:43,-07:00,2026-05-02T02:04:43-07:00,1,22
style.css,203,css,8978c858,ColecamC,2026-05-02,02:04:43,-07:00,2026-05-02T02:04:43-07:00,0,0
style.css,204,css,8978c858,ColecamC,2026-05-02,02:04:43,-07:00,2026-05-02T02:04:43-07:00,0,0
style.css,205,css,8978c858,ColecamC,2026-05-02,02:04:43,-07:00,2026-05-02T02:04:43-07:00,0,17
style.css,206,css,8978c858,ColecamC,2026-05-02,02:04:43,-07:00,2026-05-02T02:04:43-07:00,1,16
style.css,207,css,8978c858,ColecamC,2026-05-02,02:04:43,-07:00,2026-05-02T02:04:43-07:00,2,11
style.css,208,css,8978c858,ColecamC,2026-05-02,02:04:43,-07:00,2026-05-02T02:04:43-07:00,1,0
style.css,209,css,8978c858,ColecamC,2026-05-02,02:04:43,-07:00,2026-05-02T02:04:43-07:00,1,4
style.css,210,css,8978c858,ColecamC,2026-05-02,02:04:43,-07:00,2026-05-02T02:04:43-07:00,1,16
style.css,211,css,8978c858,ColecamC,2026-05-02,02:04:43,-07:00,2026-05-02T02:04:43-07:00,1,0
style.css,212,css,8978c858,ColecamC,2026-05-02,02:04:43,-07:00,2026-05-02T02:04:43-07:00,0,0
style.css,213,css,8978c858,ColecamC,2026-05-02,02:04:43,-07:00,2026-05-02T02:04:43-07:00,0,0
style.css,214,css,8978c858,ColecamC,2026-05-02,02:04:43,-07:00,2026-05-02T02:04:43-07:00,0,9
style.css,215,css,8978c858,ColecamC,2026-05-02,02:04:43,-07:00,2026-05-02T02:04:43-07:00,1,49
style.css,216,css,8978c858,ColecamC,2026-05-02,02:04:43,-07:00,2026-05-02T02:04:43-07:00,0,0
style.css,217,css,8978c858,ColecamC,2026-05-02,02:04:43,-07:00,2026-05-02T02:04:43-07:00,1,10
style.css,218,css,8978c858,ColecamC,2026-05-02,02:04:43,-07:00,2026-05-02T02:04:43-07:00,2,17
style.css,219,css,8978c858,ColecamC,2026-05-02,02:04:43,-07:00,2026-05-02T02:04:43-07:00,1,0
style.css,220,css,8978c858,ColecamC,2026-05-02,02:04:43,-07:00,2026-05-02T02:04:43-07:00,0,0
style.css,221,css,8978c858,ColecamC,2026-05-02,02:04:43,-07:00,2026-05-02T02:04:43-07:00,0,4
style.css,222,css,8978c858,ColecamC,2026-05-02,02:04:43,-07:00,2026-05-02T02:04:43-07:00,1,14
style.css,223,css,00000000,Not Committed Yet,2026-05-08,23:51:23,-07:00,2026-05-08T23:51:23-07:00,0,0
style.css,224,css,00000000,Not Committed Yet,2026-05-08,23:51:23,-07:00,2026-05-08T23:51:23-07:00,0,0
style.css,225,css,00000000,Not Committed Yet,2026-05-08,23:51:23,-07:00,2026-05-08T23:51:23-07:00,0,6
style.css,226,css,00000000,Not Committed Yet,2026-05-08,23:51:23,-07:00,2026-05-08T23:51:23-07:00,1,16
style.css,227,css,00000000,Not Committed Yet,2026-05-08,23:51:23,-07:00,2026-05-08T23:51:23-07:00,0,0
style.css,228,css,00000000,Not Committed Yet,2026-05-08,23:51:23,-07:00,2026-05-08T23:51:23-07:00,0,0
style.css,229,css,00000000,Not Committed Yet,2026-05-08,23:51:23,-07:00,2026-05-08T23:51:23-07:00,0,9
style.css,230,css,00000000,Not Committed Yet,2026-05-08,23:51:23,-07:00,2026-05-08T23:51:23-07:00,1,12
style.css,231,css,00000000,Not Committed Yet,2026-05-08,23:51:23,-07:00,2026-05-08T23:51:23-07:00,1,58
style.css,232,css,00000000,Not Committed Yet,2026-05-08,23:51:23,-07:00,2026-05-08T23:51:23-07:00,1,69
style.css,233,css,00000000,Not Committed Yet,2026-05-08,23:51:23,-07:00,2026-05-08T23:51:23-07:00,1,19
style.css,234,css,00000000,Not Committed Yet,2026-05-08,23:51:23,-07:00,2026-05-08T23:51:23-07:00,1,11
style.css,235,css,00000000,Not Committed Yet,2026-05-08,23:51:23,-07:00,2026-05-08T23:51:23-07:00,1,11
style.css,236,css,00000000,Not Committed Yet,2026-05-08,23:51:23,-07:00,2026-05-08T23:51:23-07:00,1,8
style.css,237,css,00000000,Not Committed Yet,2026-05-08,23:51:23,-07:00,2026-05-08T23:51:23-07:00,0,0
style.css,238,css,00000000,Not Committed Yet,2026-05-08,23:51:23,-07:00,2026-05-08T23:51:23-07:00,0,0
style.css,239,css,00000000,Not Committed Yet,2026-05-08,23:51:23,-07:00,2026-05-08T23:51:23-07:00,0,9
style.css,240,css,00000000,Not Committed Yet,2026-05-08,23:51:23,-07:00,2026-05-08T23:51:23-07:00,1,10
style.css,241,css,00000000,Not Committed Yet,2026-05-08,23:51:23,-07:00,2026-05-08T23:51:23-07:00,1,15
style.css,242,css,00000000,Not Committed Yet,2026-05-08,23:51:23,-07:00,2026-05-08T23:51:23-07:00,1,24
style.css,243,css,00000000,Not Committed Yet,2026-05-08,23:51:23,-07:00,2026-05-08T23:51:23-07:00,1,21
style.css,244,css,00000000,Not Committed Yet,2026-05-08,23:51:23,-07:00,2026-05-08T23:51:23-07:00,1,11
style.css,245,css,00000000,Not Committed Yet,2026-05-08,23:51:23,-07:00,2026-05-08T23:51:23-07:00,0,0
style.css,246,css,00000000,Not Committed Yet,2026-05-08,23:51:23,-07:00,2026-05-08T23:51:23-07:00,0,0
style.css,247,css,00000000,Not Committed Yet,2026-05-08,23:51:23,-07:00,2026-05-08T23:51:23-07:00,0,9
style.css,248,css,00000000,Not Committed Yet,2026-05-08,23:51:23,-07:00,2026-05-08T23:51:23-07:00,1,10
style.css,249,css,00000000,Not Committed Yet,2026-05-08,23:51:23,-07:00,2026-05-08T23:51:23-07:00,1,15
style.css,250,css,00000000,Not Committed Yet,2026-05-08,23:51:23,-07:00,2026-05-08T23:51:23-07:00,1,16
style.css,251,css,00000000,Not Committed Yet,2026-05-08,23:51:23,-07:00,2026-05-08T23:51:23-07:00,1,8
style.css,252,css,00000000,Not Committed Yet,2026-05-08,23:51:23,-07:00,2026-05-08T23:51:23-07:00,1,25
style.css,253,css,00000000,Not Committed Yet,2026-05-08,23:51:23,-07:00,2026-05-08T23:51:23-07:00,0,0
style.css,254,css,00000000,Not Committed Yet,2026-05-08,23:51:23,-07:00,2026-05-08T23:51:23-07:00,0,0
style.css,255,css,00000000,Not Committed Yet,2026-05-08,23:51:23,-07:00,2026-05-08T23:51:23-07:00,0,15
style.css,256,css,00000000,Not Committed Yet,2026-05-08,23:51:23,-07:00,2026-05-08T23:51:23-07:00,1,19
style.css,257,css,00000000,Not Committed Yet,2026-05-08,23:51:23,-07:00,2026-05-08T23:51:23-07:00,1,12
style.css,258,css,00000000,Not Committed Yet,2026-05-08,23:51:23,-07:00,2026-05-08T23:51:23-07:00,0,0
style.css,259,css,00000000,Not Committed Yet,2026-05-08,23:51:23,-07:00,2026-05-08T23:51:23-07:00,0,0
style.css,260,css,00000000,Not Committed Yet,2026-05-08,23:51:23,-07:00,2026-05-08T23:51:23-07:00,0,15
style.css,261,css,00000000,Not Committed Yet,2026-05-08,23:51:23,-07:00,2026-05-08T23:51:23-07:00,1,12
style.css,262,css,00000000,Not Committed Yet,2026-05-08,23:51:23,-07:00,2026-05-08T23:51:23-07:00,0,0
style.css,263,css,00000000,Not Committed Yet,2026-05-08,23:51:23,-07:00,2026-05-08T23:51:23-07:00,0,0
style.css,264,css,00000000,Not Committed Yet,2026-05-08,23:51:23,-07:00,2026-05-08T23:51:23-07:00,0,7
style.css,265,css,00000000,Not Committed Yet,2026-05-08,23:51:23,-07:00,2026-05-08T23:51:23-07:00,1,12
style.css,266,css,00000000,Not Committed Yet,2026-05-08,23:51:23,-07:00,2026-05-08T23:51:23-07:00,1,30
style.css,267,css,00000000,Not Committed Yet,2026-05-08,23:51:23,-07:00,2026-05-08T23:51:23-07:00,1,8
style.css,268,css,00000000,Not Committed Yet,2026-05-08,23:51:23,-07:00,2026-05-08T23:51:23-07:00,1,25
style.css,269,css,00000000,Not Committed Yet,2026-05-08,23:51:23,-07:00,2026-05-08T23:51:23-07:00,1,39
style.css,270,css,00000000,Not Committed Yet,2026-05-08,23:51:23,-07:00,2026-05-08T23:51:23-07:00,0,0
style.css,271,css,00000000,Not Committed Yet,2026-05-08,23:51:23,-07:00,2026-05-08T23:51:23-07:00,0,0
style.css,272,css,00000000,Not Committed Yet,2026-05-08,23:51:23,-07:00,2026-05-08T23:51:23-07:00,0,0
style.css,273,css,00000000,Not Committed Yet,2026-05-08,23:51:23,-07:00,2026-05-08T23:51:23-07:00,0,42
style.css,274,css,00000000,Not Committed Yet,2026-05-08,23:51:23,-07:00,2026-05-08T23:51:23-07:00,1,9
style.css,275,css,00000000,Not Committed Yet,2026-05-08,23:51:23,-07:00,2026-05-08T23:51:23-07:00,1,17
style.css,276,css,00000000,Not Committed Yet,2026-05-08,23:51:23,-07:00,2026-05-08T23:51:23-07:00,0,0
style.css,277,css,00000000,Not Committed Yet,2026-05-08,23:51:23,-07:00,2026-05-08T23:51:23-07:00,0,0
style.css,278,css,00000000,Not Committed Yet,2026-05-08,23:51:23,-07:00,2026-05-08T23:51:23-07:00,0,10
style.css,279,css,00000000,Not Committed Yet,2026-05-08,23:51:23,-07:00,2026-05-08T23:51:23-07:00,1,16
style.css,280,css,00000000,Not Committed Yet,2026-05-08,23:51:23,-07:00,2026-05-08T23:51:23-07:00,1,11
style.css,281,css,00000000,Not Committed Yet,2026-05-08,23:51:23,-07:00,2026-05-08T23:51:23-07:00,1,8
style.css,282,css,00000000,Not Committed Yet,2026-05-08,23:51:23,-07:00,2026-05-08T23:51:23-07:00,0,0
style.css,283,css,00000000,Not Committed Yet,2026-05-08,23:51:23,-07:00,2026-05-08T23:51:23-07:00,0,0
style.css,284,css,00000000,Not Committed Yet,2026-05-08,23:51:23,-07:00,2026-05-08T23:51:23-07:00,0,10
style.css,285,css,00000000,Not Committed Yet,2026-05-08,23:51:23,-07:00,2026-05-08T23:51:23-07:00,1,8
style.css,286,css,00000000,Not Committed Yet,2026-05-08,23:51:23,-07:00,2026-05-08T23:51:23-07:00,1,16
style.css,287,css,00000000,Not Committed Yet,2026-05-08,23:51:23,-07:00,2026-05-08T23:51:23-07:00,0,0
style.css,288,css,00000000,Not Committed Yet,2026-05-08,23:51:23,-07:00,2026-05-08T23:51:23-07:00,0,0
style.css,289,css,00000000,Not Committed Yet,2026-05-08,23:51:23,-07:00,2026-05-08T23:51:23-07:00,0,8
style.css,290,css,00000000,Not Committed Yet,2026-05-08,23:51:23,-07:00,2026-05-08T23:51:23-07:00,1,14
style.css,291,css,00000000,Not Committed Yet,2026-05-08,23:51:23,-07:00,2026-05-08T23:51:23-07:00,1,7
style.css,292,css,00000000,Not Committed Yet,2026-05-08,23:51:23,-07:00,2026-05-08T23:51:23-07:00,1,8
style.css,293,css,00000000,Not Committed Yet,2026-05-08,23:51:23,-07:00,2026-05-08T23:51:23-07:00,0,0
style.css,294,css,00000000,Not Committed Yet,2026-05-08,23:51:23,-07:00,2026-05-08T23:51:23-07:00,0,0
style.css,295,css,00000000,Not Committed Yet,2026-05-08,23:51:23,-07:00,2026-05-08T23:51:23-07:00,0,6
style.css,296,css,00000000,Not Committed Yet,2026-05-08,23:51:23,-07:00,2026-05-08T23:51:23-07:00,1,16
style.css,297,css,00000000,Not Committed Yet,2026-05-08,23:51:23,-07:00,2026-05-08T23:51:23-07:00,1,23
style.css,298,css,00000000,Not Committed Yet,2026-05-08,23:51:23,-07:00,2026-05-08T23:51:23-07:00,1,22
style.css,299,css,00000000,Not Committed Yet,2026-05-08,23:51:23,-07:00,2026-05-08T23:51:23-07:00,0,0
style.css,300,css,00000000,Not Committed Yet,2026-05-08,23:51:23,-07:00,2026-05-08T23:51:23-07:00,0,0
style.css,301,css,00000000,Not Committed Yet,2026-05-08,23:51:23,-07:00,2026-05-08T23:51:23-07:00,0,12
style.css,302,css,00000000,Not Committed Yet,2026-05-08,23:51:23,-07:00,2026-05-08T23:51:23-07:00,1,20
style.css,303,css,00000000,Not Committed Yet,2026-05-08,23:51:23,-07:00,2026-05-08T23:51:23-07:00,0,0
style.css,304,css,00000000,Not Committed Yet,2026-05-08,23:51:23,-07:00,2026-05-08T23:51:23-07:00,0,0
style.css,305,css,00000000,Not Committed Yet,2026-05-08,23:51:23,-07:00,2026-05-08T23:51:23-07:00,0,24
style.css,306,css,00000000,Not Committed Yet,2026-05-08,23:51:23,-07:00,2026-05-08T23:51:23-07:00,1,2
style.css,307,css,00000000,Not Committed Yet,2026-05-08,23:51:23,-07:00,2026-05-08T23:51:23-07:00,2,32
style.css,308,css,00000000,Not Committed Yet,2026-05-08,23:51:23,-07:00,2026-05-08T23:51:23-07:00,1,0
style.css,309,css,00000000,Not Committed Yet,2026-05-08,23:51:23,-07:00,2026-05-08T23:51:23-07:00,0,0
style.css,310,css,00000000,Not Committed Yet,2026-05-08,23:51:23,-07:00,2026-05-08T23:51:23-07:00,0,0
style.css,311,css,00000000,Not Committed Yet,2026-05-08,23:51:23,-07:00,2026-05-08T23:51:23-07:00,0,10
style.css,312,css,00000000,Not Committed Yet,2026-05-08,23:51:23,-07:00,2026-05-08T23:51:23-07:00,1,16
style.css,313,css,00000000,Not Committed Yet,2026-05-08,23:51:23,-07:00,2026-05-08T23:51:23-07:00,1,12
style.css,314,css,00000000,Not Committed Yet,2026-05-08,23:51:23,-07:00,2026-05-08T23:51:23-07:00,1,18
style.css,315,css,00000000,Not Committed Yet,2026-05-08,23:51:23,-07:00,2026-05-08T23:51:23-07:00,1,20
style.css,316,css,00000000,Not Committed Yet,2026-05-08,23:51:23,-07:00,2026-05-08T23:51:23-07:00,1,42
style.css,317,css,00000000,Not Committed Yet,2026-05-08,23:51:23,-07:00,2026-05-08T23:51:23-07:00,0,0
style.css,318,css,00000000,Not Committed Yet,2026-05-08,23:51:23,-07:00,2026-05-08T23:51:23-07:00,0,15
style.css,319,css,00000000,Not Committed Yet,2026-05-08,23:51:23,-07:00,2026-05-08T23:51:23-07:00,1,12
style.css,320,css,00000000,Not Committed Yet,2026-05-08,23:51:23,-07:00,2026-05-08T23:51:23-07:00,0,0
style.css,321,css,00000000,Not Committed Yet,2026-05-08,23:51:23,-07:00,2026-05-08T23:51:23-07:00,0,0
style.css,322,css,00000000,Not Committed Yet,2026-05-08,23:51:23,-07:00,2026-05-08T23:51:23-07:00,0,16
style.css,323,css,00000000,Not Committed Yet,2026-05-08,23:51:23,-07:00,2026-05-08T23:51:23-07:00,1,23
style.css,324,css,00000000,Not Committed Yet,2026-05-08,23:51:23,-07:00,2026-05-08T23:51:23-07:00,1,16
style.css,325,css,00000000,Not Committed Yet,2026-05-08,23:51:23,-07:00,2026-05-08T23:51:23-07:00,1,15
style.css,326,css,00000000,Not Committed Yet,2026-05-08,23:51:23,-07:00,2026-05-08T23:51:23-07:00,0,0
style.css,327,css,00000000,Not Committed Yet,2026-05-08,23:51:23,-07:00,2026-05-08T23:51:23-07:00,0,0
style.css,328,css,00000000,Not Committed Yet,2026-05-08,23:51:23,-07:00,2026-05-08T23:51:23-07:00,0,19
style.css,329,css,00000000,Not Committed Yet,2026-05-08,23:51:23,-07:00,2026-05-08T23:51:23-07:00,1,12
style.css,330,css,00000000,Not Committed Yet,2026-05-08,23:51:23,-07:00,2026-05-08T23:51:23-07:00,1,30
style.css,331,css,00000000,Not Committed Yet,2026-05-08,23:51:23,-07:00,2026-05-08T23:51:23-07:00,1,14
style.css,332,css,00000000,Not Committed Yet,2026-05-08,23:51:23,-07:00,2026-05-08T23:51:23-07:00,1,8
style.css,333,css,00000000,Not Committed Yet,2026-05-08,23:51:23,-07:00,2026-05-08T23:51:23-07:00,1,69
style.css,334,css,00000000,Not Committed Yet,2026-05-08,23:51:23,-07:00,2026-05-08T23:51:23-07:00,1,19
style.css,335,css,00000000,Not Committed Yet,2026-05-08,23:51:23,-07:00,2026-05-08T23:51:23-07:00,1,11
style.css,336,css,00000000,Not Committed Yet,2026-05-08,23:51:23,-07:00,2026-05-08T23:51:23-07:00,0,0
style.css,337,css,00000000,Not Committed Yet,2026-05-08,23:51:23,-07:00,2026-05-08T23:51:23-07:00,0,0
style.css,338,css,00000000,Not Committed Yet,2026-05-08,23:51:23,-07:00,2026-05-08T23:51:23-07:00,0,22
style.css,339,css,00000000,Not Committed Yet,2026-05-08,23:51:23,-07:00,2026-05-08T23:51:23-07:00,1,16
style.css,340,css,00000000,Not Committed Yet,2026-05-08,23:51:23,-07:00,2026-05-08T23:51:23-07:00,1,24
style.css,341,css,00000000,Not Committed Yet,2026-05-08,23:51:23,-07:00,2026-05-08T23:51:23-07:00,1,21
style.css,342,css,00000000,Not Committed Yet,2026-05-08,23:51:23,-07:00,2026-05-08T23:51:23-07:00,1,11
style.css,343,css,00000000,Not Committed Yet,2026-05-08,23:51:23,-07:00,2026-05-08T23:51:23-07:00,0,0
style.css,344,css,00000000,Not Committed Yet,2026-05-08,23:51:23,-07:00,2026-05-08T23:51:23-07:00,0,0
style.css,345,css,00000000,Not Committed Yet,2026-05-08,23:51:23,-07:00,2026-05-08T23:51:23-07:00,0,22
style.css,346,css,00000000,Not Committed Yet,2026-05-08,23:51:23,-07:00,2026-05-08T23:51:23-07:00,1,8
style.css,347,css,00000000,Not Committed Yet,2026-05-08,23:51:23,-07:00,2026-05-08T23:51:23-07:00,1,16
style.css,348,css,00000000,Not Committed Yet,2026-05-08,23:51:23,-07:00,2026-05-08T23:51:23-07:00,1,25
style.css,349,css,00000000,Not Committed Yet,2026-05-08,23:51:23,-07:00,2026-05-08T23:51:23-07:00,0,0
index.js,1,js,7f533b0c,ColecamC,2026-04-25,22:01:50,-07:00,2026-04-25T22:01:50-07:00,0,71
index.js,2,js,7f533b0c,ColecamC,2026-04-25,22:01:50,-07:00,2026-04-25T22:01:50-07:00,0,54
index.js,3,js,7f533b0c,ColecamC,2026-04-25,22:01:50,-07:00,2026-04-25T22:01:50-07:00,0,42
index.js,4,js,7f533b0c,ColecamC,2026-04-25,22:01:50,-07:00,2026-04-25T22:01:50-07:00,0,60
index.js,5,js,7f533b0c,ColecamC,2026-04-25,22:01:50,-07:00,2026-04-25T22:01:50-07:00,0,54
index.js,6,js,7f533b0c,ColecamC,2026-04-25,22:01:50,-07:00,2026-04-25T22:01:50-07:00,0,51
index.js,7,js,7f533b0c,ColecamC,2026-04-25,22:01:50,-07:00,2026-04-25T22:01:50-07:00,0,60
index.js,8,js,7f533b0c,ColecamC,2026-04-25,22:01:50,-07:00,2026-04-25T22:01:50-07:00,0,0
index.js,9,js,7f533b0c,ColecamC,2026-04-25,22:01:50,-07:00,2026-04-25T22:01:50-07:00,0,17
index.js,10,js,7f533b0c,ColecamC,2026-04-25,22:01:50,-07:00,2026-04-25T22:01:50-07:00,1,24
index.js,11,js,7f533b0c,ColecamC,2026-04-25,22:01:50,-07:00,2026-04-25T22:01:50-07:00,4,2
index.js,12,js,7f533b0c,ColecamC,2026-04-25,22:01:50,-07:00,2026-04-25T22:01:50-07:00,5,55
index.js,13,js,7f533b0c,ColecamC,2026-04-25,22:01:50,-07:00,2026-04-25T22:01:50-07:00,5,47
index.js,14,js,7f533b0c,ColecamC,2026-04-25,22:01:50,-07:00,2026-04-25T22:01:50-07:00,5,49
index.js,15,js,7f533b0c,ColecamC,2026-04-25,22:01:50,-07:00,2026-04-25T22:01:50-07:00,5,49
index.js,16,js,7f533b0c,ColecamC,2026-04-25,22:01:50,-07:00,2026-04-25T22:01:50-07:00,4,3
index.js,17,js,7f533b0c,ColecamC,2026-04-25,22:01:50,-07:00,2026-04-25T22:01:50-07:00,2,0
index.js,18,js,7f533b0c,ColecamC,2026-04-25,22:01:50,-07:00,2026-04-25T22:01:50-07:00,0,0
index.html,1,html,52d33228,ColecamC,2026-04-03,15:25:43,-07:00,2026-04-03T15:25:43-07:00,0,13
index.html,2,html,52d33228,ColecamC,2026-04-03,15:25:43,-07:00,2026-04-03T15:25:43-07:00,0,14
index.html,3,html,52d33228,ColecamC,2026-04-03,15:25:43,-07:00,2026-04-03T15:25:43-07:00,0,4
index.html,4,html,52d33228,ColecamC,2026-04-03,15:25:43,-07:00,2026-04-03T15:25:43-07:00,2,20
index.html,5,html,52d33228,ColecamC,2026-04-03,15:25:43,-07:00,2026-04-03T15:25:43-07:00,2,68
index.html,6,html,52d33228,ColecamC,2026-04-03,15:25:43,-07:00,2026-04-03T15:25:43-07:00,2,49
index.html,7,html,51d1160e,ColecamC,2026-04-18,21:28:28,-07:00,2026-04-18T21:28:28-07:00,2,0
index.html,8,html,f38ce9cf,ColecamC,2026-04-03,19:20:15,-07:00,2026-04-03T19:20:15-07:00,2,38
index.html,9,html,51d1160e,ColecamC,2026-04-18,21:28:28,-07:00,2026-04-18T21:28:28-07:00,2,47
index.html,10,html,52d33228,ColecamC,2026-04-03,15:25:43,-07:00,2026-04-03T15:25:43-07:00,0,5
index.html,11,html,52d33228,ColecamC,2026-04-03,15:25:43,-07:00,2026-04-03T15:25:43-07:00,0,4
index.html,12,html,ee25c528,ColecamC,2026-04-18,22:55:16,-07:00,2026-04-18T22:55:16-07:00,2,0
index.html,13,html,d2366d26,ColecamC,2026-04-10,21:38:26,-07:00,2026-04-10T21:38:26-07:00,2,25
index.html,14,html,d2366d26,ColecamC,2026-04-10,21:38:26,-07:00,2026-04-10T21:38:26-07:00,2,0
index.html,15,html,52d33228,ColecamC,2026-04-03,15:25:43,-07:00,2026-04-03T15:25:43-07:00,2,1
index.html,16,html,52d33228,ColecamC,2026-04-03,15:25:43,-07:00,2026-04-03T15:25:43-07:00,4,89
index.html,17,html,52d33228,ColecamC,2026-04-03,15:25:43,-07:00,2026-04-03T15:25:43-07:00,2,2
index.html,18,html,f38ce9cf,ColecamC,2026-04-03,19:20:15,-07:00,2026-04-03T19:20:15-07:00,2,88
index.html,19,html,f38ce9cf,ColecamC,2026-04-03,19:20:15,-07:00,2026-04-03T19:20:15-07:00,2,1
index.html,20,html,f38ce9cf,ColecamC,2026-04-03,19:20:15,-07:00,2026-04-03T19:20:15-07:00,4,62
index.html,21,html,7f533b0c,ColecamC,2026-04-25,22:01:50,-07:00,2026-04-25T22:01:50-07:00,2,2
index.html,22,html,7f533b0c,ColecamC,2026-04-25,22:01:50,-07:00,2026-04-25T22:01:50-07:00,0,0
index.html,23,html,7f533b0c,ColecamC,2026-04-25,22:01:50,-07:00,2026-04-25T22:01:50-07:00,0,0
index.html,24,html,7f533b0c,ColecamC,2026-04-25,22:01:50,-07:00,2026-04-25T22:01:50-07:00,2,52
index.html,25,html,7f533b0c,ColecamC,2026-04-25,22:01:50,-07:00,2026-04-25T22:01:50-07:00,0,0
index.html,26,html,7f533b0c,ColecamC,2026-04-25,22:01:50,-07:00,2026-04-25T22:01:50-07:00,2,22
index.html,27,html,7f533b0c,ColecamC,2026-04-25,22:01:50,-07:00,2026-04-25T22:01:50-07:00,2,20
index.html,28,html,7f533b0c,ColecamC,2026-04-25,22:01:50,-07:00,2026-04-25T22:01:50-07:00,0,0
index.html,29,html,7f533b0c,ColecamC,2026-04-25,22:01:50,-07:00,2026-04-25T22:01:50-07:00,4,49
index.html,30,html,7f533b0c,ColecamC,2026-04-25,22:01:50,-07:00,2026-04-25T22:01:50-07:00,2,4
index.html,31,html,7f533b0c,ColecamC,2026-04-25,22:01:50,-07:00,2026-04-25T22:01:50-07:00,0,0
index.html,32,html,7f533b0c,ColecamC,2026-04-25,22:01:50,-07:00,2026-04-25T22:01:50-07:00,2,22
index.html,33,html,7f533b0c,ColecamC,2026-04-25,22:01:50,-07:00,2026-04-25T22:01:50-07:00,0,0
index.html,34,html,7f533b0c,ColecamC,2026-04-25,22:01:50,-07:00,2026-04-25T22:01:50-07:00,2,4
index.html,35,html,52d33228,ColecamC,2026-04-03,15:25:43,-07:00,2026-04-03T15:25:43-07:00,0,5
index.html,36,html,52d33228,ColecamC,2026-04-03,15:25:43,-07:00,2026-04-03T15:25:43-07:00,0,5
global.js,1,js,51d1160e,ColecamC,2026-04-18,21:28:28,-07:00,2026-04-18T21:28:28-07:00,0,25
global.js,2,js,51d1160e,ColecamC,2026-04-18,21:28:28,-07:00,2026-04-18T21:28:28-07:00,0,0
global.js,3,js,51d1160e,ColecamC,2026-04-18,21:28:28,-07:00,2026-04-18T21:28:28-07:00,0,41
global.js,4,js,51d1160e,ColecamC,2026-04-18,21:28:28,-07:00,2026-04-18T21:28:28-07:00,2,52
global.js,5,js,51d1160e,ColecamC,2026-04-18,21:28:28,-07:00,2026-04-18T21:28:28-07:00,0,0
global.js,6,js,51d1160e,ColecamC,2026-04-18,21:28:28,-07:00,2026-04-18T21:28:28-07:00,0,0
global.js,7,js,ee25c528,ColecamC,2026-04-18,22:55:16,-07:00,2026-04-18T22:55:16-07:00,0,28
global.js,8,js,ee25c528,ColecamC,2026-04-18,22:55:16,-07:00,2026-04-18T22:55:16-07:00,0,0
global.js,9,js,ee25c528,ColecamC,2026-04-18,22:55:16,-07:00,2026-04-18T22:55:16-07:00,0,33
global.js,10,js,ee25c528,ColecamC,2026-04-18,22:55:16,-07:00,2026-04-18T22:55:16-07:00,0,71
global.js,11,js,ee25c528,ColecamC,2026-04-18,22:55:16,-07:00,2026-04-18T22:55:16-07:00,0,3
global.js,12,js,ee25c528,ColecamC,2026-04-18,22:55:16,-07:00,2026-04-18T22:55:16-07:00,0,0
global.js,13,js,ee25c528,ColecamC,2026-04-18,22:55:16,-07:00,2026-04-18T22:55:16-07:00,0,39
global.js,14,js,ee25c528,ColecamC,2026-04-18,22:55:16,-07:00,2026-04-18T22:55:16-07:00,0,0
global.js,15,js,ee25c528,ColecamC,2026-04-18,22:55:16,-07:00,2026-04-18T22:55:16-07:00,0,11
global.js,16,js,ee25c528,ColecamC,2026-04-18,22:55:16,-07:00,2026-04-18T22:55:16-07:00,1,25
global.js,17,js,ee25c528,ColecamC,2026-04-18,22:55:16,-07:00,2026-04-18T22:55:16-07:00,1,38
global.js,18,js,ee25c528,ColecamC,2026-04-18,22:55:16,-07:00,2026-04-18T22:55:16-07:00,1,32
global.js,19,js,ee25c528,ColecamC,2026-04-18,22:55:16,-07:00,2026-04-18T22:55:16-07:00,1,36
global.js,20,js,00000000,Not Committed Yet,2026-05-08,23:51:23,-07:00,2026-05-08T23:51:23-07:00,1,34
global.js,21,js,00000000,Not Committed Yet,2026-05-08,23:51:23,-07:00,2026-05-08T23:51:23-07:00,1,30
global.js,22,js,ee25c528,ColecamC,2026-04-18,22:55:16,-07:00,2026-04-18T22:55:16-07:00,0,0
global.js,23,js,ee25c528,ColecamC,2026-04-18,22:55:16,-07:00,2026-04-18T22:55:16-07:00,0,0
global.js,24,js,ee25c528,ColecamC,2026-04-18,22:55:16,-07:00,2026-04-18T22:55:16-07:00,0,38
global.js,25,js,ee25c528,ColecamC,2026-04-18,22:55:16,-07:00,2026-04-18T22:55:16-07:00,2,25
global.js,26,js,ee25c528,ColecamC,2026-04-18,22:55:16,-07:00,2026-04-18T22:55:16-07:00,0,0
global.js,27,js,ee25c528,ColecamC,2026-04-18,22:55:16,-07:00,2026-04-18T22:55:16-07:00,0,0
global.js,28,js,ee25c528,ColecamC,2026-04-18,22:55:16,-07:00,2026-04-18T22:55:16-07:00,0,88
global.js,29,js,ee25c528,ColecamC,2026-04-18,22:55:16,-07:00,2026-04-18T22:55:16-07:00,1,36
global.js,30,js,f86111e7,ColecamC,2026-04-18,23:05:52,-07:00,2026-04-18T23:05:52-07:00,1,48
global.js,31,js,ee25c528,ColecamC,2026-04-18,22:55:16,-07:00,2026-04-18T22:55:16-07:00,0,0
global.js,32,js,ee25c528,ColecamC,2026-04-18,22:55:16,-07:00,2026-04-18T22:55:16-07:00,0,0
global.js,33,js,ee25c528,ColecamC,2026-04-18,22:55:16,-07:00,2026-04-18T22:55:16-07:00,0,20
global.js,34,js,ee25c528,ColecamC,2026-04-18,22:55:16,-07:00,2026-04-18T22:55:16-07:00,2,14
global.js,35,js,ee25c528,ColecamC,2026-04-18,22:55:16,-07:00,2026-04-18T22:55:16-07:00,2,18
global.js,36,js,ee25c528,ColecamC,2026-04-18,22:55:16,-07:00,2026-04-18T22:55:16-07:00,2,41
global.js,37,js,ee25c528,ColecamC,2026-04-18,22:55:16,-07:00,2026-04-18T22:55:16-07:00,2,30
global.js,38,js,ee25c528,ColecamC,2026-04-18,22:55:16,-07:00,2026-04-18T22:55:16-07:00,2,52
global.js,39,js,ee25c528,ColecamC,2026-04-18,22:55:16,-07:00,2026-04-18T22:55:16-07:00,0,0
global.js,40,js,ee25c528,ColecamC,2026-04-18,22:55:16,-07:00,2026-04-18T22:55:16-07:00,2,34
global.js,41,js,ee25c528,ColecamC,2026-04-18,22:55:16,-07:00,2026-04-18T22:55:16-07:00,2,11
global.js,42,js,ee25c528,ColecamC,2026-04-18,22:55:16,-07:00,2026-04-18T22:55:16-07:00,2,20
global.js,43,js,ee25c528,ColecamC,2026-04-18,22:55:16,-07:00,2026-04-18T22:55:16-07:00,2,12
global.js,44,js,ee25c528,ColecamC,2026-04-18,22:55:16,-07:00,2026-04-18T22:55:16-07:00,2,65
global.js,45,js,ee25c528,ColecamC,2026-04-18,22:55:16,-07:00,2026-04-18T22:55:16-07:00,4,25
global.js,46,js,ee25c528,ColecamC,2026-04-18,22:55:16,-07:00,2026-04-18T22:55:16-07:00,2,0
global.js,47,js,ee25c528,ColecamC,2026-04-18,22:55:16,-07:00,2026-04-18T22:55:16-07:00,0,0
global.js,48,js,ee25c528,ColecamC,2026-04-18,22:55:16,-07:00,2026-04-18T22:55:16-07:00,0,0
global.js,49,js,ee25c528,ColecamC,2026-04-18,22:55:16,-07:00,2026-04-18T22:55:16-07:00,0,31
global.js,50,js,ee25c528,ColecamC,2026-04-18,22:55:16,-07:00,2026-04-18T22:55:16-07:00,1,11
global.js,51,js,ee25c528,ColecamC,2026-04-18,22:55:16,-07:00,2026-04-18T22:55:16-07:00,1,0
global.js,52,js,ee25c528,ColecamC,2026-04-18,22:55:16,-07:00,2026-04-18T22:55:16-07:00,0,26
global.js,53,js,ee25c528,ColecamC,2026-04-18,22:55:16,-07:00,2026-04-18T22:55:16-07:00,0,4
global.js,54,js,ee25c528,ColecamC,2026-04-18,22:55:16,-07:00,2026-04-18T22:55:16-07:00,0,6
global.js,55,js,ee25c528,ColecamC,2026-04-18,22:55:16,-07:00,2026-04-18T22:55:16-07:00,6,38
global.js,56,js,ee25c528,ColecamC,2026-04-18,22:55:16,-07:00,2026-04-18T22:55:16-07:00,0,34
global.js,57,js,ee25c528,ColecamC,2026-04-18,22:55:16,-07:00,2026-04-18T22:55:16-07:00,0,32
global.js,58,js,ee25c528,ColecamC,2026-04-18,22:55:16,-07:00,2026-04-18T22:55:16-07:00,0,7
global.js,59,js,ee25c528,ColecamC,2026-04-18,22:55:16,-07:00,2026-04-18T22:55:16-07:00,0,8
global.js,60,js,51d1160e,ColecamC,2026-04-18,21:28:28,-07:00,2026-04-18T21:28:28-07:00,0,0
global.js,61,js,ee25c528,ColecamC,2026-04-18,22:55:16,-07:00,2026-04-18T22:55:16-07:00,0,48
global.js,62,js,ee25c528,ColecamC,2026-04-18,22:55:16,-07:00,2026-04-18T22:55:16-07:00,0,0
global.js,63,js,ee25c528,ColecamC,2026-04-18,22:55:16,-07:00,2026-04-18T22:55:16-07:00,0,58
global.js,64,js,ee25c528,ColecamC,2026-04-18,22:55:16,-07:00,2026-04-18T22:55:16-07:00,0,0
global.js,65,js,ee25c528,ColecamC,2026-04-18,22:55:16,-07:00,2026-04-18T22:55:16-07:00,0,34
global.js,66,js,ee25c528,ColecamC,2026-04-18,22:55:16,-07:00,2026-04-18T22:55:16-07:00,2,83
global.js,67,js,ee25c528,ColecamC,2026-04-18,22:55:16,-07:00,2026-04-18T22:55:16-07:00,2,38
global.js,68,js,ee25c528,ColecamC,2026-04-18,22:55:16,-07:00,2026-04-18T22:55:16-07:00,0,0
global.js,69,js,ee25c528,ColecamC,2026-04-18,22:55:16,-07:00,2026-04-18T22:55:16-07:00,0,0
global.js,70,js,ee25c528,ColecamC,2026-04-18,22:55:16,-07:00,2026-04-18T22:55:16-07:00,0,49
global.js,71,js,ee25c528,ColecamC,2026-04-18,22:55:16,-07:00,2026-04-18T22:55:16-07:00,2,57
global.js,72,js,ee25c528,ColecamC,2026-04-18,22:55:16,-07:00,2026-04-18T22:55:16-07:00,2,77
global.js,73,js,ee25c528,ColecamC,2026-04-18,22:55:16,-07:00,2026-04-18T22:55:16-07:00,2,43
global.js,74,js,ee25c528,ColecamC,2026-04-18,22:55:16,-07:00,2026-04-18T22:55:16-07:00,0,0
global.js,75,js,ee25c528,ColecamC,2026-04-18,22:55:16,-07:00,2026-04-18T22:55:16-07:00,2,1
global.js,76,js,ee25c528,ColecamC,2026-04-18,22:55:16,-07:00,2026-04-18T22:55:16-07:00,0,0
global.js,77,js,ee25c528,ColecamC,2026-04-18,22:55:16,-07:00,2026-04-18T22:55:16-07:00,0,40
global.js,78,js,ee25c528,ColecamC,2026-04-18,22:55:16,-07:00,2026-04-18T22:55:16-07:00,0,0
global.js,79,js,ee25c528,ColecamC,2026-04-18,22:55:16,-07:00,2026-04-18T22:55:16-07:00,0,49
global.js,80,js,ee25c528,ColecamC,2026-04-18,22:55:16,-07:00,2026-04-18T22:55:16-07:00,2,21
global.js,81,js,ee25c528,ColecamC,2026-04-18,22:55:16,-07:00,2026-04-18T22:55:16-07:00,2,28
global.js,82,js,ee25c528,ColecamC,2026-04-18,22:55:16,-07:00,2026-04-18T22:55:16-07:00,2,26
global.js,83,js,ee25c528,ColecamC,2026-04-18,22:55:16,-07:00,2026-04-18T22:55:16-07:00,2,31
global.js,84,js,ee25c528,ColecamC,2026-04-18,22:55:16,-07:00,2026-04-18T22:55:16-07:00,4,50
global.js,85,js,ee25c528,ColecamC,2026-04-18,22:55:16,-07:00,2026-04-18T22:55:16-07:00,2,0
global.js,86,js,ee25c528,ColecamC,2026-04-18,22:55:16,-07:00,2026-04-18T22:55:16-07:00,2,42
global.js,87,js,ee25c528,ColecamC,2026-04-18,22:55:16,-07:00,2026-04-18T22:55:16-07:00,2,18
global.js,88,js,ee25c528,ColecamC,2026-04-18,22:55:16,-07:00,2026-04-18T22:55:16-07:00,0,1
global.js,89,js,51d1160e,ColecamC,2026-04-18,21:28:28,-07:00,2026-04-18T21:28:28-07:00,0,0
global.js,90,js,7f533b0c,ColecamC,2026-04-25,22:01:50,-07:00,2026-04-25T22:01:50-07:00,0,36
global.js,91,js,7f533b0c,ColecamC,2026-04-25,22:01:50,-07:00,2026-04-25T22:01:50-07:00,1,3
global.js,92,js,7f533b0c,ColecamC,2026-04-25,22:01:50,-07:00,2026-04-25T22:01:50-07:00,2,39
global.js,93,js,7f533b0c,ColecamC,2026-04-25,22:01:50,-07:00,2026-04-25T22:01:50-07:00,2,32
global.js,94,js,7f533b0c,ColecamC,2026-04-25,22:01:50,-07:00,2026-04-25T22:01:50-07:00,2,17
global.js,95,js,7f533b0c,ColecamC,2026-04-25,22:01:50,-07:00,2026-04-25T22:01:50-07:00,4,66
global.js,96,js,7f533b0c,ColecamC,2026-04-25,22:01:50,-07:00,2026-04-25T22:01:50-07:00,2,0
global.js,97,js,7f533b0c,ColecamC,2026-04-25,22:01:50,-07:00,2026-04-25T22:01:50-07:00,2,20
global.js,98,js,7f533b0c,ColecamC,2026-04-25,22:01:50,-07:00,2026-04-25T22:01:50-07:00,2,33
global.js,99,js,7f533b0c,ColecamC,2026-04-25,22:01:50,-07:00,2026-04-25T22:01:50-07:00,2,10
global.js,100,js,7f533b0c,ColecamC,2026-04-25,22:01:50,-07:00,2026-04-25T22:01:50-07:00,1,15
global.js,101,js,7f533b0c,ColecamC,2026-04-25,22:01:50,-07:00,2026-04-25T22:01:50-07:00,2,59
global.js,102,js,7f533b0c,ColecamC,2026-04-25,22:01:50,-07:00,2026-04-25T22:01:50-07:00,1,0
global.js,103,js,7f533b0c,ColecamC,2026-04-25,22:01:50,-07:00,2026-04-25T22:01:50-07:00,0,0
global.js,104,js,7f533b0c,ColecamC,2026-04-25,22:01:50,-07:00,2026-04-25T22:01:50-07:00,0,0
global.js,105,js,7f533b0c,ColecamC,2026-04-25,22:01:50,-07:00,2026-04-25T22:01:50-07:00,0,79
global.js,106,js,7f533b0c,ColecamC,2026-04-25,22:01:50,-07:00,2026-04-25T22:01:50-07:00,1,23
global.js,107,js,7f533b0c,ColecamC,2026-04-25,22:01:50,-07:00,2026-04-25T22:01:50-07:00,1,30
global.js,108,js,7f533b0c,ColecamC,2026-04-25,22:01:50,-07:00,2026-04-25T22:01:50-07:00,1,29
global.js,109,js,7f533b0c,ColecamC,2026-04-25,22:01:50,-07:00,2026-04-25T22:01:50-07:00,2,48
global.js,110,js,7f533b0c,ColecamC,2026-04-25,22:01:50,-07:00,2026-04-25T22:01:50-07:00,2,19
global.js,111,js,7f533b0c,ColecamC,2026-04-25,22:01:50,-07:00,2026-04-25T22:01:50-07:00,4,49
global.js,112,js,8978c858,ColecamC,2026-05-02,02:04:43,-07:00,2026-05-02T02:04:43-07:00,4,27
global.js,113,js,8978c858,ColecamC,2026-05-02,02:04:43,-07:00,2026-05-02T02:04:43-07:00,4,55
global.js,114,js,7f533b0c,ColecamC,2026-04-25,22:01:50,-07:00,2026-04-25T22:01:50-07:00,4,27
global.js,115,js,7f533b0c,ColecamC,2026-04-25,22:01:50,-07:00,2026-04-25T22:01:50-07:00,2,0
global.js,116,js,7f533b0c,ColecamC,2026-04-25,22:01:50,-07:00,2026-04-25T22:01:50-07:00,2,36
global.js,117,js,7f533b0c,ColecamC,2026-04-25,22:01:50,-07:00,2026-04-25T22:01:50-07:00,0,0
global.js,118,js,7f533b0c,ColecamC,2026-04-25,22:01:50,-07:00,2026-04-25T22:01:50-07:00,1,0
global.js,119,js,7f533b0c,ColecamC,2026-04-25,22:01:50,-07:00,2026-04-25T22:01:50-07:00,0,0
global.js,120,js,7f533b0c,ColecamC,2026-04-25,22:01:50,-07:00,2026-04-25T22:01:50-07:00,0,0
global.js,121,js,7f533b0c,ColecamC,2026-04-25,22:01:50,-07:00,2026-04-25T22:01:50-07:00,0,47
global.js,122,js,7f533b0c,ColecamC,2026-04-25,22:01:50,-07:00,2026-04-25T22:01:50-07:00,1,22
global.js,123,js,7f533b0c,ColecamC,2026-04-25,22:01:50,-07:00,2026-04-25T22:01:50-07:00,1,59
global.js,124,js,7f533b0c,ColecamC,2026-04-25,22:01:50,-07:00,2026-04-25T22:01:50-07:00,0,0
global.js,125,js,7f533b0c,ColecamC,2026-04-25,22:01:50,-07:00,2026-04-25T22:01:50-07:00,0,0
resume\index.html,1,html,f38ce9cf,ColecamC,2026-04-03,19:20:15,-07:00,2026-04-03T19:20:15-07:00,0,13
resume\index.html,2,html,f38ce9cf,ColecamC,2026-04-03,19:20:15,-07:00,2026-04-03T19:20:15-07:00,0,14
resume\index.html,3,html,f38ce9cf,ColecamC,2026-04-03,19:20:15,-07:00,2026-04-03T19:20:15-07:00,0,4
resume\index.html,4,html,f38ce9cf,ColecamC,2026-04-03,19:20:15,-07:00,2026-04-03T19:20:15-07:00,2,20
resume\index.html,5,html,f38ce9cf,ColecamC,2026-04-03,19:20:15,-07:00,2026-04-03T19:20:15-07:00,2,68
resume\index.html,6,html,f38ce9cf,ColecamC,2026-04-03,19:20:15,-07:00,2026-04-03T19:20:15-07:00,2,19
resume\index.html,7,html,51d1160e,ColecamC,2026-04-18,21:28:28,-07:00,2026-04-18T21:28:28-07:00,2,48
resume\index.html,8,html,f38ce9cf,ColecamC,2026-04-03,19:20:15,-07:00,2026-04-03T19:20:15-07:00,2,41
resume\index.html,9,html,f38ce9cf,ColecamC,2026-04-03,19:20:15,-07:00,2026-04-03T19:20:15-07:00,0,0
resume\index.html,10,html,f38ce9cf,ColecamC,2026-04-03,19:20:15,-07:00,2026-04-03T19:20:15-07:00,0,5
resume\index.html,11,html,f38ce9cf,ColecamC,2026-04-03,19:20:15,-07:00,2026-04-03T19:20:15-07:00,0,4
resume\index.html,12,html,ee25c528,ColecamC,2026-04-18,22:55:16,-07:00,2026-04-18T22:55:16-07:00,2,0
resume\index.html,13,html,d2366d26,ColecamC,2026-04-10,21:38:26,-07:00,2026-04-10T21:38:26-07:00,2,13
resume\index.html,14,html,d2366d26,ColecamC,2026-04-10,21:38:26,-07:00,2026-04-10T21:38:26-07:00,2,0
resume\index.html,15,html,f38ce9cf,ColecamC,2026-04-03,19:20:15,-07:00,2026-04-03T19:20:15-07:00,0,18
resume\index.html,16,html,f38ce9cf,ColecamC,2026-04-03,19:20:15,-07:00,2026-04-03T19:20:15-07:00,2,7
resume\index.html,17,html,f38ce9cf,ColecamC,2026-04-03,19:20:15,-07:00,2026-04-03T19:20:15-07:00,4,25
resume\index.html,18,html,f38ce9cf,ColecamC,2026-04-03,19:20:15,-07:00,2026-04-03T19:20:15-07:00,6,25
resume\index.html,19,html,f38ce9cf,ColecamC,2026-04-03,19:20:15,-07:00,2026-04-03T19:20:15-07:00,6,24
resume\index.html,20,html,f38ce9cf,ColecamC,2026-04-03,19:20:15,-07:00,2026-04-03T19:20:15-07:00,8,62
resume\index.html,21,html,f38ce9cf,ColecamC,2026-04-03,19:20:15,-07:00,2026-04-03T19:20:15-07:00,8,96
resume\index.html,22,html,f38ce9cf,ColecamC,2026-04-03,19:20:15,-07:00,2026-04-03T19:20:15-07:00,8,10
resume\index.html,23,html,f38ce9cf,ColecamC,2026-04-03,19:20:15,-07:00,2026-04-03T19:20:15-07:00,6,4
resume\index.html,24,html,f38ce9cf,ColecamC,2026-04-03,19:20:15,-07:00,2026-04-03T19:20:15-07:00,4,4
resume\index.html,25,html,f38ce9cf,ColecamC,2026-04-03,19:20:15,-07:00,2026-04-03T19:20:15-07:00,0,0
resume\index.html,26,html,f38ce9cf,ColecamC,2026-04-03,19:20:15,-07:00,2026-04-03T19:20:15-07:00,4,7
resume\index.html,27,html,f38ce9cf,ColecamC,2026-04-03,19:20:15,-07:00,2026-04-03T19:20:15-07:00,6,16
resume\index.html,28,html,f38ce9cf,ColecamC,2026-04-03,19:20:15,-07:00,2026-04-03T19:20:15-07:00,0,0
resume\index.html,29,html,f38ce9cf,ColecamC,2026-04-03,19:20:15,-07:00,2026-04-03T19:20:15-07:00,6,17
resume\index.html,30,html,f38ce9cf,ColecamC,2026-04-03,19:20:15,-07:00,2026-04-03T19:20:15-07:00,8,24
resume\index.html,31,html,f38ce9cf,ColecamC,2026-04-03,19:20:15,-07:00,2026-04-03T19:20:15-07:00,10,66
resume\index.html,32,html,f38ce9cf,ColecamC,2026-04-03,19:20:15,-07:00,2026-04-03T19:20:15-07:00,10,39
resume\index.html,33,html,f38ce9cf,ColecamC,2026-04-03,19:20:15,-07:00,2026-04-03T19:20:15-07:00,8,4
resume\index.html,34,html,f38ce9cf,ColecamC,2026-04-03,19:20:15,-07:00,2026-04-03T19:20:15-07:00,8,27
resume\index.html,35,html,f38ce9cf,ColecamC,2026-04-03,19:20:15,-07:00,2026-04-03T19:20:15-07:00,10,41
resume\index.html,36,html,f38ce9cf,ColecamC,2026-04-03,19:20:15,-07:00,2026-04-03T19:20:15-07:00,10,23
resume\index.html,37,html,f38ce9cf,ColecamC,2026-04-03,19:20:15,-07:00,2026-04-03T19:20:15-07:00,8,4
resume\index.html,38,html,f38ce9cf,ColecamC,2026-04-03,19:20:15,-07:00,2026-04-03T19:20:15-07:00,8,2
resume\index.html,39,html,f38ce9cf,ColecamC,2026-04-03,19:20:15,-07:00,2026-04-03T19:20:15-07:00,10,239
resume\index.html,40,html,f38ce9cf,ColecamC,2026-04-03,19:20:15,-07:00,2026-04-03T19:20:15-07:00,10,118
resume\index.html,41,html,f38ce9cf,ColecamC,2026-04-03,19:20:15,-07:00,2026-04-03T19:20:15-07:00,8,3
resume\index.html,42,html,f38ce9cf,ColecamC,2026-04-03,19:20:15,-07:00,2026-04-03T19:20:15-07:00,6,4
resume\index.html,43,html,f38ce9cf,ColecamC,2026-04-03,19:20:15,-07:00,2026-04-03T19:20:15-07:00,0,0
resume\index.html,44,html,f38ce9cf,ColecamC,2026-04-03,19:20:15,-07:00,2026-04-03T19:20:15-07:00,6,0
resume\index.html,45,html,f38ce9cf,ColecamC,2026-04-03,19:20:15,-07:00,2026-04-03T19:20:15-07:00,4,8
resume\index.html,46,html,f38ce9cf,ColecamC,2026-04-03,19:20:15,-07:00,2026-04-03T19:20:15-07:00,0,0
resume\index.html,47,html,f38ce9cf,ColecamC,2026-04-03,19:20:15,-07:00,2026-04-03T19:20:15-07:00,4,7
resume\index.html,48,html,f38ce9cf,ColecamC,2026-04-03,19:20:15,-07:00,2026-04-03T19:20:15-07:00,6,17
resume\index.html,49,html,f38ce9cf,ColecamC,2026-04-03,19:20:15,-07:00,2026-04-03T19:20:15-07:00,0,0
resume\index.html,50,html,f38ce9cf,ColecamC,2026-04-03,19:20:15,-07:00,2026-04-03T19:20:15-07:00,6,17
resume\index.html,51,html,f38ce9cf,ColecamC,2026-04-03,19:20:15,-07:00,2026-04-03T19:20:15-07:00,8,24
resume\index.html,52,html,f38ce9cf,ColecamC,2026-04-03,19:20:15,-07:00,2026-04-03T19:20:15-07:00,10,75
resume\index.html,53,html,f38ce9cf,ColecamC,2026-04-03,19:20:15,-07:00,2026-04-03T19:20:15-07:00,10,56
resume\index.html,54,html,f38ce9cf,ColecamC,2026-04-03,19:20:15,-07:00,2026-04-03T19:20:15-07:00,8,4
resume\index.html,55,html,f38ce9cf,ColecamC,2026-04-03,19:20:15,-07:00,2026-04-03T19:20:15-07:00,8,27
resume\index.html,56,html,f38ce9cf,ColecamC,2026-04-03,19:20:15,-07:00,2026-04-03T19:20:15-07:00,10,39
resume\index.html,57,html,f38ce9cf,ColecamC,2026-04-03,19:20:15,-07:00,2026-04-03T19:20:15-07:00,10,23
resume\index.html,58,html,f38ce9cf,ColecamC,2026-04-03,19:20:15,-07:00,2026-04-03T19:20:15-07:00,8,4
resume\index.html,59,html,f38ce9cf,ColecamC,2026-04-03,19:20:15,-07:00,2026-04-03T19:20:15-07:00,8,2
resume\index.html,60,html,f38ce9cf,ColecamC,2026-04-03,19:20:15,-07:00,2026-04-03T19:20:15-07:00,10,121
resume\index.html,61,html,f38ce9cf,ColecamC,2026-04-03,19:20:15,-07:00,2026-04-03T19:20:15-07:00,10,146
resume\index.html,62,html,f38ce9cf,ColecamC,2026-04-03,19:20:15,-07:00,2026-04-03T19:20:15-07:00,10,194
resume\index.html,63,html,f38ce9cf,ColecamC,2026-04-03,19:20:15,-07:00,2026-04-03T19:20:15-07:00,10,70
resume\index.html,64,html,f38ce9cf,ColecamC,2026-04-03,19:20:15,-07:00,2026-04-03T19:20:15-07:00,8,3
resume\index.html,65,html,f38ce9cf,ColecamC,2026-04-03,19:20:15,-07:00,2026-04-03T19:20:15-07:00,6,4
resume\index.html,66,html,f38ce9cf,ColecamC,2026-04-03,19:20:15,-07:00,2026-04-03T19:20:15-07:00,0,0
resume\index.html,67,html,f38ce9cf,ColecamC,2026-04-03,19:20:15,-07:00,2026-04-03T19:20:15-07:00,6,17
resume\index.html,68,html,f38ce9cf,ColecamC,2026-04-03,19:20:15,-07:00,2026-04-03T19:20:15-07:00,8,24
resume\index.html,69,html,f38ce9cf,ColecamC,2026-04-03,19:20:15,-07:00,2026-04-03T19:20:15-07:00,10,81
resume\index.html,70,html,f38ce9cf,ColecamC,2026-04-03,19:20:15,-07:00,2026-04-03T19:20:15-07:00,10,58
resume\index.html,71,html,f38ce9cf,ColecamC,2026-04-03,19:20:15,-07:00,2026-04-03T19:20:15-07:00,8,4
resume\index.html,72,html,f38ce9cf,ColecamC,2026-04-03,19:20:15,-07:00,2026-04-03T19:20:15-07:00,8,27
resume\index.html,73,html,f38ce9cf,ColecamC,2026-04-03,19:20:15,-07:00,2026-04-03T19:20:15-07:00,10,15
resume\index.html,74,html,f38ce9cf,ColecamC,2026-04-03,19:20:15,-07:00,2026-04-03T19:20:15-07:00,10,23
resume\index.html,75,html,f38ce9cf,ColecamC,2026-04-03,19:20:15,-07:00,2026-04-03T19:20:15-07:00,8,4
resume\index.html,76,html,f38ce9cf,ColecamC,2026-04-03,19:20:15,-07:00,2026-04-03T19:20:15-07:00,8,2
resume\index.html,77,html,f38ce9cf,ColecamC,2026-04-03,19:20:15,-07:00,2026-04-03T19:20:15-07:00,10,208
resume\index.html,78,html,f38ce9cf,ColecamC,2026-04-03,19:20:15,-07:00,2026-04-03T19:20:15-07:00,10,190
resume\index.html,79,html,f38ce9cf,ColecamC,2026-04-03,19:20:15,-07:00,2026-04-03T19:20:15-07:00,8,3
resume\index.html,80,html,f38ce9cf,ColecamC,2026-04-03,19:20:15,-07:00,2026-04-03T19:20:15-07:00,6,4
resume\index.html,81,html,f38ce9cf,ColecamC,2026-04-03,19:20:15,-07:00,2026-04-03T19:20:15-07:00,4,8
resume\index.html,82,html,f38ce9cf,ColecamC,2026-04-03,19:20:15,-07:00,2026-04-03T19:20:15-07:00,0,0
resume\index.html,83,html,f38ce9cf,ColecamC,2026-04-03,19:20:15,-07:00,2026-04-03T19:20:15-07:00,4,7
resume\index.html,84,html,f38ce9cf,ColecamC,2026-04-03,19:20:15,-07:00,2026-04-03T19:20:15-07:00,6,15
resume\index.html,85,html,f38ce9cf,ColecamC,2026-04-03,19:20:15,-07:00,2026-04-03T19:20:15-07:00,0,0
resume\index.html,86,html,f38ce9cf,ColecamC,2026-04-03,19:20:15,-07:00,2026-04-03T19:20:15-07:00,6,17
resume\index.html,87,html,f38ce9cf,ColecamC,2026-04-03,19:20:15,-07:00,2026-04-03T19:20:15-07:00,8,24
resume\index.html,88,html,f38ce9cf,ColecamC,2026-04-03,19:20:15,-07:00,2026-04-03T19:20:15-07:00,10,58
resume\index.html,89,html,f38ce9cf,ColecamC,2026-04-03,19:20:15,-07:00,2026-04-03T19:20:15-07:00,10,44
resume\index.html,90,html,f38ce9cf,ColecamC,2026-04-03,19:20:15,-07:00,2026-04-03T19:20:15-07:00,8,4
resume\index.html,91,html,f38ce9cf,ColecamC,2026-04-03,19:20:15,-07:00,2026-04-03T19:20:15-07:00,8,27
resume\index.html,92,html,f38ce9cf,ColecamC,2026-04-03,19:20:15,-07:00,2026-04-03T19:20:15-07:00,10,64
resume\index.html,93,html,f38ce9cf,ColecamC,2026-04-03,19:20:15,-07:00,2026-04-03T19:20:15-07:00,8,4
resume\index.html,94,html,f38ce9cf,ColecamC,2026-04-03,19:20:15,-07:00,2026-04-03T19:20:15-07:00,8,2
resume\index.html,95,html,f38ce9cf,ColecamC,2026-04-03,19:20:15,-07:00,2026-04-03T19:20:15-07:00,10,119
resume\index.html,96,html,f38ce9cf,ColecamC,2026-04-03,19:20:15,-07:00,2026-04-03T19:20:15-07:00,8,3
resume\index.html,97,html,f38ce9cf,ColecamC,2026-04-03,19:20:15,-07:00,2026-04-03T19:20:15-07:00,6,4
resume\index.html,98,html,f38ce9cf,ColecamC,2026-04-03,19:20:15,-07:00,2026-04-03T19:20:15-07:00,0,0
resume\index.html,99,html,f38ce9cf,ColecamC,2026-04-03,19:20:15,-07:00,2026-04-03T19:20:15-07:00,6,17
resume\index.html,100,html,f38ce9cf,ColecamC,2026-04-03,19:20:15,-07:00,2026-04-03T19:20:15-07:00,8,24
resume\index.html,101,html,f38ce9cf,ColecamC,2026-04-03,19:20:15,-07:00,2026-04-03T19:20:15-07:00,10,63
resume\index.html,102,html,f38ce9cf,ColecamC,2026-04-03,19:20:15,-07:00,2026-04-03T19:20:15-07:00,10,51
resume\index.html,103,html,f38ce9cf,ColecamC,2026-04-03,19:20:15,-07:00,2026-04-03T19:20:15-07:00,8,4
resume\index.html,104,html,f38ce9cf,ColecamC,2026-04-03,19:20:15,-07:00,2026-04-03T19:20:15-07:00,8,27
resume\index.html,105,html,f38ce9cf,ColecamC,2026-04-03,19:20:15,-07:00,2026-04-03T19:20:15-07:00,10,45
resume\index.html,106,html,f38ce9cf,ColecamC,2026-04-03,19:20:15,-07:00,2026-04-03T19:20:15-07:00,8,4
resume\index.html,107,html,f38ce9cf,ColecamC,2026-04-03,19:20:15,-07:00,2026-04-03T19:20:15-07:00,8,2
resume\index.html,108,html,f38ce9cf,ColecamC,2026-04-03,19:20:15,-07:00,2026-04-03T19:20:15-07:00,10,76
resume\index.html,109,html,f38ce9cf,ColecamC,2026-04-03,19:20:15,-07:00,2026-04-03T19:20:15-07:00,10,115
resume\index.html,110,html,f38ce9cf,ColecamC,2026-04-03,19:20:15,-07:00,2026-04-03T19:20:15-07:00,8,3
resume\index.html,111,html,f38ce9cf,ColecamC,2026-04-03,19:20:15,-07:00,2026-04-03T19:20:15-07:00,6,4
resume\index.html,112,html,f38ce9cf,ColecamC,2026-04-03,19:20:15,-07:00,2026-04-03T19:20:15-07:00,0,0
resume\index.html,113,html,f38ce9cf,ColecamC,2026-04-03,19:20:15,-07:00,2026-04-03T19:20:15-07:00,6,17
resume\index.html,114,html,f38ce9cf,ColecamC,2026-04-03,19:20:15,-07:00,2026-04-03T19:20:15-07:00,8,24
resume\index.html,115,html,f38ce9cf,ColecamC,2026-04-03,19:20:15,-07:00,2026-04-03T19:20:15-07:00,10,61
resume\index.html,116,html,f38ce9cf,ColecamC,2026-04-03,19:20:15,-07:00,2026-04-03T19:20:15-07:00,10,41
resume\index.html,117,html,f38ce9cf,ColecamC,2026-04-03,19:20:15,-07:00,2026-04-03T19:20:15-07:00,8,4
resume\index.html,118,html,f38ce9cf,ColecamC,2026-04-03,19:20:15,-07:00,2026-04-03T19:20:15-07:00,8,27
resume\index.html,119,html,f38ce9cf,ColecamC,2026-04-03,19:20:15,-07:00,2026-04-03T19:20:15-07:00,10,55
resume\index.html,120,html,f38ce9cf,ColecamC,2026-04-03,19:20:15,-07:00,2026-04-03T19:20:15-07:00,8,4
resume\index.html,121,html,f38ce9cf,ColecamC,2026-04-03,19:20:15,-07:00,2026-04-03T19:20:15-07:00,8,2
resume\index.html,122,html,f38ce9cf,ColecamC,2026-04-03,19:20:15,-07:00,2026-04-03T19:20:15-07:00,10,60
resume\index.html,123,html,f38ce9cf,ColecamC,2026-04-03,19:20:15,-07:00,2026-04-03T19:20:15-07:00,10,99
resume\index.html,124,html,f38ce9cf,ColecamC,2026-04-03,19:20:15,-07:00,2026-04-03T19:20:15-07:00,8,3
resume\index.html,125,html,f38ce9cf,ColecamC,2026-04-03,19:20:15,-07:00,2026-04-03T19:20:15-07:00,6,4
resume\index.html,126,html,f38ce9cf,ColecamC,2026-04-03,19:20:15,-07:00,2026-04-03T19:20:15-07:00,4,8
resume\index.html,127,html,f38ce9cf,ColecamC,2026-04-03,19:20:15,-07:00,2026-04-03T19:20:15-07:00,0,0
resume\index.html,128,html,f38ce9cf,ColecamC,2026-04-03,19:20:15,-07:00,2026-04-03T19:20:15-07:00,4,7
resume\index.html,129,html,f38ce9cf,ColecamC,2026-04-03,19:20:15,-07:00,2026-04-03T19:20:15-07:00,6,13
resume\index.html,130,html,f38ce9cf,ColecamC,2026-04-03,19:20:15,-07:00,2026-04-03T19:20:15-07:00,6,26
resume\index.html,131,html,f38ce9cf,ColecamC,2026-04-03,19:20:15,-07:00,2026-04-03T19:20:15-07:00,8,57
resume\index.html,132,html,f38ce9cf,ColecamC,2026-04-03,19:20:15,-07:00,2026-04-03T19:20:15-07:00,8,85
resume\index.html,133,html,f38ce9cf,ColecamC,2026-04-03,19:20:15,-07:00,2026-04-03T19:20:15-07:00,8,77
resume\index.html,134,html,f38ce9cf,ColecamC,2026-04-03,19:20:15,-07:00,2026-04-03T19:20:15-07:00,8,113
resume\index.html,135,html,f38ce9cf,ColecamC,2026-04-03,19:20:15,-07:00,2026-04-03T19:20:15-07:00,8,48
resume\index.html,136,html,f38ce9cf,ColecamC,2026-04-03,19:20:15,-07:00,2026-04-03T19:20:15-07:00,6,4
resume\index.html,137,html,f38ce9cf,ColecamC,2026-04-03,19:20:15,-07:00,2026-04-03T19:20:15-07:00,4,8
resume\index.html,138,html,f38ce9cf,ColecamC,2026-04-03,19:20:15,-07:00,2026-04-03T19:20:15-07:00,2,8
resume\index.html,139,html,f38ce9cf,ColecamC,2026-04-03,19:20:15,-07:00,2026-04-03T19:20:15-07:00,2,4
resume\index.html,140,html,f38ce9cf,ColecamC,2026-04-03,19:20:15,-07:00,2026-04-03T19:20:15-07:00,0,5
resume\index.html,141,html,f38ce9cf,ColecamC,2026-04-03,19:20:15,-07:00,2026-04-03T19:20:15-07:00,0,5
projects\projects.js,1,js,8978c858,ColecamC,2026-05-02,02:04:43,-07:00,2026-05-02T02:04:43-07:00,0,63
projects\projects.js,2,js,8978c858,ColecamC,2026-05-02,02:04:43,-07:00,2026-05-02T02:04:43-07:00,0,0
projects\projects.js,3,js,7f533b0c,ColecamC,2026-04-25,22:01:50,-07:00,2026-04-25T22:01:50-07:00,0,55
projects\projects.js,4,js,7f533b0c,ColecamC,2026-04-25,22:01:50,-07:00,2026-04-25T22:01:50-07:00,0,55
projects\projects.js,5,js,7f533b0c,ColecamC,2026-04-25,22:01:50,-07:00,2026-04-25T22:01:50-07:00,0,60
projects\projects.js,6,js,7f533b0c,ColecamC,2026-04-25,22:01:50,-07:00,2026-04-25T22:01:50-07:00,0,48
projects\projects.js,7,js,7f533b0c,ColecamC,2026-04-25,22:01:50,-07:00,2026-04-25T22:01:50-07:00,0,0
projects\projects.js,8,js,7f533b0c,ColecamC,2026-04-25,22:01:50,-07:00,2026-04-25T22:01:50-07:00,0,62
projects\projects.js,9,js,7f533b0c,ColecamC,2026-04-25,22:01:50,-07:00,2026-04-25T22:01:50-07:00,0,58
projects\projects.js,10,js,8978c858,ColecamC,2026-05-02,02:04:43,-07:00,2026-05-02T02:04:43-07:00,0,0
projects\projects.js,11,js,8978c858,ColecamC,2026-05-02,02:04:43,-07:00,2026-05-02T02:04:43-07:00,0,57
projects\projects.js,12,js,8978c858,ColecamC,2026-05-02,02:04:43,-07:00,2026-05-02T02:04:43-07:00,0,21
projects\projects.js,13,js,8978c858,ColecamC,2026-05-02,02:04:43,-07:00,2026-05-02T02:04:43-07:00,0,0
projects\projects.js,14,js,8978c858,ColecamC,2026-05-02,02:04:43,-07:00,2026-05-02T02:04:43-07:00,0,38
projects\projects.js,15,js,8978c858,ColecamC,2026-05-02,02:04:43,-07:00,2026-05-02T02:04:43-07:00,2,29
projects\projects.js,16,js,8978c858,ColecamC,2026-05-02,02:04:43,-07:00,2026-05-02T02:04:43-07:00,4,12
projects\projects.js,17,js,8978c858,ColecamC,2026-05-02,02:04:43,-07:00,2026-05-02T02:04:43-07:00,4,14
projects\projects.js,18,js,8978c858,ColecamC,2026-05-02,02:04:43,-07:00,2026-05-02T02:04:43-07:00,4,12
projects\projects.js,19,js,8978c858,ColecamC,2026-05-02,02:04:43,-07:00,2026-05-02T02:04:43-07:00,2,0
projects\projects.js,20,js,8978c858,ColecamC,2026-05-02,02:04:43,-07:00,2026-05-02T02:04:43-07:00,2,50
projects\projects.js,21,js,8978c858,ColecamC,2026-05-02,02:04:43,-07:00,2026-05-02T02:04:43-07:00,4,35
projects\projects.js,22,js,8978c858,ColecamC,2026-05-02,02:04:43,-07:00,2026-05-02T02:04:43-07:00,2,1
projects\projects.js,23,js,8978c858,ColecamC,2026-05-02,02:04:43,-07:00,2026-05-02T02:04:43-07:00,0,0
projects\projects.js,24,js,8978c858,ColecamC,2026-05-02,02:04:43,-07:00,2026-05-02T02:04:43-07:00,2,53
projects\projects.js,25,js,8978c858,ColecamC,2026-05-02,02:04:43,-07:00,2026-05-02T02:04:43-07:00,2,42
projects\projects.js,26,js,8978c858,ColecamC,2026-05-02,02:04:43,-07:00,2026-05-02T02:04:43-07:00,2,51
projects\projects.js,27,js,8978c858,ColecamC,2026-05-02,02:04:43,-07:00,2026-05-02T02:04:43-07:00,0,0
projects\projects.js,28,js,8978c858,ColecamC,2026-05-02,02:04:43,-07:00,2026-05-02T02:04:43-07:00,2,47
projects\projects.js,29,js,8978c858,ColecamC,2026-05-02,02:04:43,-07:00,2026-05-02T02:04:43-07:00,0,0
projects\projects.js,30,js,8978c858,ColecamC,2026-05-02,02:04:43,-07:00,2026-05-02T02:04:43-07:00,2,32
projects\projects.js,31,js,8978c858,ColecamC,2026-05-02,02:04:43,-07:00,2026-05-02T02:04:43-07:00,2,32
projects\projects.js,32,js,8978c858,ColecamC,2026-05-02,02:04:43,-07:00,2026-05-02T02:04:43-07:00,2,20
projects\projects.js,33,js,8978c858,ColecamC,2026-05-02,02:04:43,-07:00,2026-05-02T02:04:43-07:00,2,20
projects\projects.js,34,js,8978c858,ColecamC,2026-05-02,02:04:43,-07:00,2026-05-02T02:04:43-07:00,2,32
projects\projects.js,35,js,8978c858,ColecamC,2026-05-02,02:04:43,-07:00,2026-05-02T02:04:43-07:00,2,4
projects\projects.js,36,js,8978c858,ColecamC,2026-05-02,02:04:43,-07:00,2026-05-02T02:04:43-07:00,0,0
projects\projects.js,37,js,8978c858,ColecamC,2026-05-02,02:04:43,-07:00,2026-05-02T02:04:43-07:00,2,32
projects\projects.js,38,js,8978c858,ColecamC,2026-05-02,02:04:43,-07:00,2026-05-02T02:04:43-07:00,0,0
projects\projects.js,39,js,8978c858,ColecamC,2026-05-02,02:04:43,-07:00,2026-05-02T02:04:43-07:00,2,40
projects\projects.js,40,js,8978c858,ColecamC,2026-05-02,02:04:43,-07:00,2026-05-02T02:04:43-07:00,2,29
projects\projects.js,41,js,8978c858,ColecamC,2026-05-02,02:04:43,-07:00,2026-05-02T02:04:43-07:00,2,29
projects\projects.js,42,js,8978c858,ColecamC,2026-05-02,02:04:43,-07:00,2026-05-02T02:04:43-07:00,4,32
projects\projects.js,43,js,8978c858,ColecamC,2026-05-02,02:04:43,-07:00,2026-05-02T02:04:43-07:00,4,16
projects\projects.js,44,js,8978c858,ColecamC,2026-05-02,02:04:43,-07:00,2026-05-02T02:04:43-07:00,4,16
projects\projects.js,45,js,8978c858,ColecamC,2026-05-02,02:04:43,-07:00,2026-05-02T02:04:43-07:00,4,28
projects\projects.js,46,js,8978c858,ColecamC,2026-05-02,02:04:43,-07:00,2026-05-02T02:04:43-07:00,0,0
projects\projects.js,47,js,8978c858,ColecamC,2026-05-02,02:04:43,-07:00,2026-05-02T02:04:43-07:00,4,1
projects\projects.js,48,js,8978c858,ColecamC,2026-05-02,02:04:43,-07:00,2026-05-02T02:04:43-07:00,4,13
projects\projects.js,49,js,8978c858,ColecamC,2026-05-02,02:04:43,-07:00,2026-05-02T02:04:43-07:00,4,13
projects\projects.js,50,js,8978c858,ColecamC,2026-05-02,02:04:43,-07:00,2026-05-02T02:04:43-07:00,4,24
projects\projects.js,51,js,8978c858,ColecamC,2026-05-02,02:04:43,-07:00,2026-05-02T02:04:43-07:00,4,18
projects\projects.js,52,js,8978c858,ColecamC,2026-05-02,02:04:43,-07:00,2026-05-02T02:04:43-07:00,4,49
projects\projects.js,53,js,8978c858,ColecamC,2026-05-02,02:04:43,-07:00,2026-05-02T02:04:43-07:00,6,47
projects\projects.js,54,js,8978c858,ColecamC,2026-05-02,02:04:43,-07:00,2026-05-02T02:04:43-07:00,6,1
projects\projects.js,55,js,8978c858,ColecamC,2026-05-02,02:04:43,-07:00,2026-05-02T02:04:43-07:00,6,16
projects\projects.js,56,js,8978c858,ColecamC,2026-05-02,02:04:43,-07:00,2026-05-02T02:04:43-07:00,6,26
projects\projects.js,57,js,8978c858,ColecamC,2026-05-02,02:04:43,-07:00,2026-05-02T02:04:43-07:00,8,38
projects\projects.js,58,js,8978c858,ColecamC,2026-05-02,02:04:43,-07:00,2026-05-02T02:04:43-07:00,6,1
projects\projects.js,59,js,8978c858,ColecamC,2026-05-02,02:04:43,-07:00,2026-05-02T02:04:43-07:00,0,0
projects\projects.js,60,js,8978c858,ColecamC,2026-05-02,02:04:43,-07:00,2026-05-02T02:04:43-07:00,4,4
projects\projects.js,61,js,8978c858,ColecamC,2026-05-02,02:04:43,-07:00,2026-05-02T02:04:43-07:00,4,14
projects\projects.js,62,js,8978c858,ColecamC,2026-05-02,02:04:43,-07:00,2026-05-02T02:04:43-07:00,4,26
projects\projects.js,63,js,8978c858,ColecamC,2026-05-02,02:04:43,-07:00,2026-05-02T02:04:43-07:00,6,60
projects\projects.js,64,js,8978c858,ColecamC,2026-05-02,02:04:43,-07:00,2026-05-02T02:04:43-07:00,6,1
projects\projects.js,65,js,8978c858,ColecamC,2026-05-02,02:04:43,-07:00,2026-05-02T02:04:43-07:00,4,0
projects\projects.js,66,js,8978c858,ColecamC,2026-05-02,02:04:43,-07:00,2026-05-02T02:04:43-07:00,4,25
projects\projects.js,67,js,8978c858,ColecamC,2026-05-02,02:04:43,-07:00,2026-05-02T02:04:43-07:00,6,48
projects\projects.js,68,js,8978c858,ColecamC,2026-05-02,02:04:43,-07:00,2026-05-02T02:04:43-07:00,4,6
projects\projects.js,69,js,8978c858,ColecamC,2026-05-02,02:04:43,-07:00,2026-05-02T02:04:43-07:00,4,52
projects\projects.js,70,js,8978c858,ColecamC,2026-05-02,02:04:43,-07:00,2026-05-02T02:04:43-07:00,4,31
projects\projects.js,71,js,8978c858,ColecamC,2026-05-02,02:04:43,-07:00,2026-05-02T02:04:43-07:00,6,56
projects\projects.js,72,js,8978c858,ColecamC,2026-05-02,02:04:43,-07:00,2026-05-02T02:04:43-07:00,8,41
projects\projects.js,73,js,8978c858,ColecamC,2026-05-02,02:04:43,-07:00,2026-05-02T02:04:43-07:00,6,1
projects\projects.js,74,js,8978c858,ColecamC,2026-05-02,02:04:43,-07:00,2026-05-02T02:04:43-07:00,6,56
projects\projects.js,75,js,8978c858,ColecamC,2026-05-02,02:04:43,-07:00,2026-05-02T02:04:43-07:00,4,0
projects\projects.js,76,js,8978c858,ColecamC,2026-05-02,02:04:43,-07:00,2026-05-02T02:04:43-07:00,4,1
projects\projects.js,77,js,8978c858,ColecamC,2026-05-02,02:04:43,-07:00,2026-05-02T02:04:43-07:00,2,1
projects\projects.js,78,js,8978c858,ColecamC,2026-05-02,02:04:43,-07:00,2026-05-02T02:04:43-07:00,0,0
projects\projects.js,79,js,8978c858,ColecamC,2026-05-02,02:04:43,-07:00,2026-05-02T02:04:43-07:00,2,0
projects\projects.js,80,js,8978c858,ColecamC,2026-05-02,02:04:43,-07:00,2026-05-02T02:04:43-07:00,0,0
projects\projects.js,81,js,8978c858,ColecamC,2026-05-02,02:04:43,-07:00,2026-05-02T02:04:43-07:00,2,27
projects\projects.js,82,js,8978c858,ColecamC,2026-05-02,02:04:43,-07:00,2026-05-02T02:04:43-07:00,2,4
projects\projects.js,83,js,8978c858,ColecamC,2026-05-02,02:04:43,-07:00,2026-05-02T02:04:43-07:00,4,11
projects\projects.js,84,js,8978c858,ColecamC,2026-05-02,02:04:43,-07:00,2026-05-02T02:04:43-07:00,4,38
projects\projects.js,85,js,8978c858,ColecamC,2026-05-02,02:04:43,-07:00,2026-05-02T02:04:43-07:00,4,27
projects\projects.js,86,js,8978c858,ColecamC,2026-05-02,02:04:43,-07:00,2026-05-02T02:04:43-07:00,4,69
projects\projects.js,87,js,8978c858,ColecamC,2026-05-02,02:04:43,-07:00,2026-05-02T02:04:43-07:00,2,1
projects\projects.js,88,js,8978c858,ColecamC,2026-05-02,02:04:43,-07:00,2026-05-02T02:04:43-07:00,0,0
projects\projects.js,89,js,8978c858,ColecamC,2026-05-02,02:04:43,-07:00,2026-05-02T02:04:43-07:00,2,49
projects\projects.js,90,js,8978c858,ColecamC,2026-05-02,02:04:43,-07:00,2026-05-02T02:04:43-07:00,2,43
projects\projects.js,91,js,8978c858,ColecamC,2026-05-02,02:04:43,-07:00,2026-05-02T02:04:43-07:00,4,71
projects\projects.js,92,js,8978c858,ColecamC,2026-05-02,02:04:43,-07:00,2026-05-02T02:04:43-07:00,2,0
projects\projects.js,93,js,8978c858,ColecamC,2026-05-02,02:04:43,-07:00,2026-05-02T02:04:43-07:00,2,44
projects\projects.js,94,js,8978c858,ColecamC,2026-05-02,02:04:43,-07:00,2026-05-02T02:04:43-07:00,4,106
projects\projects.js,95,js,8978c858,ColecamC,2026-05-02,02:04:43,-07:00,2026-05-02T02:04:43-07:00,2,0
projects\projects.js,96,js,8978c858,ColecamC,2026-05-02,02:04:43,-07:00,2026-05-02T02:04:43-07:00,0,0
projects\projects.js,97,js,8978c858,ColecamC,2026-05-02,02:04:43,-07:00,2026-05-02T02:04:43-07:00,0,0
projects\projects.js,98,js,8978c858,ColecamC,2026-05-02,02:04:43,-07:00,2026-05-02T02:04:43-07:00,0,0
projects\projects.js,99,js,8978c858,ColecamC,2026-05-02,02:04:43,-07:00,2026-05-02T02:04:43-07:00,0,23
projects\projects.js,100,js,8978c858,ColecamC,2026-05-02,02:04:43,-07:00,2026-05-02T02:04:43-07:00,0,13
projects\projects.js,101,js,8978c858,ColecamC,2026-05-02,02:04:43,-07:00,2026-05-02T02:04:43-07:00,0,53
projects\projects.js,102,js,8978c858,ColecamC,2026-05-02,02:04:43,-07:00,2026-05-02T02:04:43-07:00,0,48
projects\projects.js,103,js,8978c858,ColecamC,2026-05-02,02:04:43,-07:00,2026-05-02T02:04:43-07:00,2,25
projects\projects.js,104,js,8978c858,ColecamC,2026-05-02,02:04:43,-07:00,2026-05-02T02:04:43-07:00,0,55
projects\projects.js,105,js,8978c858,ColecamC,2026-05-02,02:04:43,-07:00,2026-05-02T02:04:43-07:00,1,51
projects\projects.js,106,js,8978c858,ColecamC,2026-05-02,02:04:43,-07:00,2026-05-02T02:04:43-07:00,2,59
projects\projects.js,107,js,8978c858,ColecamC,2026-05-02,02:04:43,-07:00,2026-05-02T02:04:43-07:00,2,42
projects\projects.js,108,js,8978c858,ColecamC,2026-05-02,02:04:43,-07:00,2026-05-02T02:04:43-07:00,1,1
projects\projects.js,109,js,8978c858,ColecamC,2026-05-02,02:04:43,-07:00,2026-05-02T02:04:43-07:00,1,52
projects\projects.js,110,js,8978c858,ColecamC,2026-05-02,02:04:43,-07:00,2026-05-02T02:04:43-07:00,1,28
projects\projects.js,111,js,8978c858,ColecamC,2026-05-02,02:04:43,-07:00,2026-05-02T02:04:43-07:00,2,32
projects\projects.js,112,js,8978c858,ColecamC,2026-05-02,02:04:43,-07:00,2026-05-02T02:04:43-07:00,4,44
projects\projects.js,113,js,8978c858,ColecamC,2026-05-02,02:04:43,-07:00,2026-05-02T02:04:43-07:00,0,0
projects\projects.js,114,js,8978c858,ColecamC,2026-05-02,02:04:43,-07:00,2026-05-02T02:04:43-07:00,1,56
projects\projects.js,115,js,8978c858,ColecamC,2026-05-02,02:04:43,-07:00,2026-05-02T02:04:43-07:00,1,31
projects\projects.js,116,js,8978c858,ColecamC,2026-05-02,02:04:43,-07:00,2026-05-02T02:04:43-07:00,1,25
projects\projects.js,117,js,8978c858,ColecamC,2026-05-02,02:04:43,-07:00,2026-05-02T02:04:43-07:00,4,72
projects\projects.js,118,js,8978c858,ColecamC,2026-05-02,02:04:43,-07:00,2026-05-02T02:04:43-07:00,4,76
projects\projects.js,119,js,8978c858,ColecamC,2026-05-02,02:04:43,-07:00,2026-05-02T02:04:43-07:00,4,85
projects\projects.js,120,js,8978c858,ColecamC,2026-05-02,02:04:43,-07:00,2026-05-02T02:04:43-07:00,4,52
projects\projects.js,121,js,8978c858,ColecamC,2026-05-02,02:04:43,-07:00,2026-05-02T02:04:43-07:00,2,0
projects\projects.js,122,js,8978c858,ColecamC,2026-05-02,02:04:43,-07:00,2026-05-02T02:04:43-07:00,0,0
projects\projects.js,123,js,8978c858,ColecamC,2026-05-02,02:04:43,-07:00,2026-05-02T02:04:43-07:00,0,1
projects\projects.js,124,js,8978c858,ColecamC,2026-05-02,02:04:43,-07:00,2026-05-02T02:04:43-07:00,0,0
projects\projects.js,125,js,8978c858,ColecamC,2026-05-02,02:04:43,-07:00,2026-05-02T02:04:43-07:00,0,0
projects\projects.js,126,js,8978c858,ColecamC,2026-05-02,02:04:43,-07:00,2026-05-02T02:04:43-07:00,0,0
projects\projects.js,127,js,8978c858,ColecamC,2026-05-02,02:04:43,-07:00,2026-05-02T02:04:43-07:00,0,0
projects\index.html,1,html,f38ce9cf,ColecamC,2026-04-03,19:20:15,-07:00,2026-04-03T19:20:15-07:00,0,13
projects\index.html,2,html,f38ce9cf,ColecamC,2026-04-03,19:20:15,-07:00,2026-04-03T19:20:15-07:00,0,14
projects\index.html,3,html,f38ce9cf,ColecamC,2026-04-03,19:20:15,-07:00,2026-04-03T19:20:15-07:00,0,4
projects\index.html,4,html,f38ce9cf,ColecamC,2026-04-03,19:20:15,-07:00,2026-04-03T19:20:15-07:00,2,20
projects\index.html,5,html,f38ce9cf,ColecamC,2026-04-03,19:20:15,-07:00,2026-04-03T19:20:15-07:00,2,68
projects\index.html,6,html,f38ce9cf,ColecamC,2026-04-03,19:20:15,-07:00,2026-04-03T19:20:15-07:00,2,21
projects\index.html,7,html,51d1160e,ColecamC,2026-04-18,21:28:28,-07:00,2026-04-18T21:28:28-07:00,2,48
projects\index.html,8,html,f38ce9cf,ColecamC,2026-04-03,19:20:15,-07:00,2026-04-03T19:20:15-07:00,2,41
projects\index.html,9,html,f38ce9cf,ColecamC,2026-04-03,19:20:15,-07:00,2026-04-03T19:20:15-07:00,0,0
projects\index.html,10,html,f38ce9cf,ColecamC,2026-04-03,19:20:15,-07:00,2026-04-03T19:20:15-07:00,0,5
projects\index.html,11,html,f38ce9cf,ColecamC,2026-04-03,19:20:15,-07:00,2026-04-03T19:20:15-07:00,0,4
projects\index.html,12,html,8978c858,ColecamC,2026-05-02,02:04:43,-07:00,2026-05-02T02:04:43-07:00,2,21
projects\index.html,13,html,8978c858,ColecamC,2026-05-02,02:04:43,-07:00,2026-05-02T02:04:43-07:00,4,52
projects\index.html,14,html,8978c858,ColecamC,2026-05-02,02:04:43,-07:00,2026-05-02T02:04:43-07:00,0,0
projects\index.html,15,html,8978c858,ColecamC,2026-05-02,02:04:43,-07:00,2026-05-02T02:04:43-07:00,4,4
projects\index.html,16,html,8978c858,ColecamC,2026-05-02,02:04:43,-07:00,2026-05-02T02:04:43-07:00,4,17
projects\index.html,17,html,8978c858,ColecamC,2026-05-02,02:04:43,-07:00,2026-05-02T02:04:43-07:00,0,0
projects\index.html,18,html,8978c858,ColecamC,2026-05-02,02:04:43,-07:00,2026-05-02T02:04:43-07:00,4,3
projects\index.html,19,html,8978c858,ColecamC,2026-05-02,02:04:43,-07:00,2026-05-02T02:04:43-07:00,2,4
projects\index.html,20,html,ee25c528,ColecamC,2026-04-18,22:55:16,-07:00,2026-04-18T22:55:16-07:00,2,0
projects\index.html,21,html,8978c858,ColecamC,2026-05-02,02:04:43,-07:00,2026-05-02T02:04:43-07:00,2,4
projects\index.html,22,html,8978c858,ColecamC,2026-05-02,02:04:43,-07:00,2026-05-02T02:04:43-07:00,2,15
projects\index.html,23,html,8978c858,ColecamC,2026-05-02,02:04:43,-07:00,2026-05-02T02:04:43-07:00,2,11
projects\index.html,24,html,8978c858,ColecamC,2026-05-02,02:04:43,-07:00,2026-05-02T02:04:43-07:00,2,26
projects\index.html,25,html,8978c858,ColecamC,2026-05-02,02:04:43,-07:00,2026-05-02T02:04:43-07:00,2,31
projects\index.html,26,html,8978c858,ColecamC,2026-05-02,02:04:43,-07:00,2026-05-02T02:04:43-07:00,2,0
projects\index.html,27,html,8978c858,ColecamC,2026-05-02,02:04:43,-07:00,2026-05-02T02:04:43-07:00,0,0
projects\index.html,28,html,8978c858,ColecamC,2026-05-02,02:04:43,-07:00,2026-05-02T02:04:43-07:00,0,0
projects\index.html,29,html,7f533b0c,ColecamC,2026-04-25,22:01:50,-07:00,2026-04-25T22:01:50-07:00,2,38
projects\index.html,30,html,7f533b0c,ColecamC,2026-04-25,22:01:50,-07:00,2026-04-25T22:01:50-07:00,2,20
projects\index.html,31,html,7f533b0c,ColecamC,2026-04-25,22:01:50,-07:00,2026-04-25T22:01:50-07:00,2,0
projects\index.html,32,html,7f533b0c,ColecamC,2026-04-25,22:01:50,-07:00,2026-04-25T22:01:50-07:00,4,48
projects\index.html,33,html,7f533b0c,ColecamC,2026-04-25,22:01:50,-07:00,2026-04-25T22:01:50-07:00,4,49
projects\index.html,34,html,d2366d26,ColecamC,2026-04-10,21:38:26,-07:00,2026-04-10T21:38:26-07:00,4,0
projects\index.html,35,html,d2366d26,ColecamC,2026-04-10,21:38:26,-07:00,2026-04-10T21:38:26-07:00,2,4
projects\index.html,36,html,d2366d26,ColecamC,2026-04-10,21:38:26,-07:00,2026-04-10T21:38:26-07:00,0,0
projects\index.html,37,html,f38ce9cf,ColecamC,2026-04-03,19:20:15,-07:00,2026-04-03T19:20:15-07:00,0,0
projects\index.html,38,html,f38ce9cf,ColecamC,2026-04-03,19:20:15,-07:00,2026-04-03T19:20:15-07:00,0,0
projects\index.html,39,html,f38ce9cf,ColecamC,2026-04-03,19:20:15,-07:00,2026-04-03T19:20:15-07:00,0,5
projects\index.html,40,html,f38ce9cf,ColecamC,2026-04-03,19:20:15,-07:00,2026-04-03T19:20:15-07:00,0,5
contact\index.html,1,html,f38ce9cf,ColecamC,2026-04-03,19:20:15,-07:00,2026-04-03T19:20:15-07:00,0,13
contact\index.html,2,html,f38ce9cf,ColecamC,2026-04-03,19:20:15,-07:00,2026-04-03T19:20:15-07:00,0,14
contact\index.html,3,html,f38ce9cf,ColecamC,2026-04-03,19:20:15,-07:00,2026-04-03T19:20:15-07:00,0,4
contact\index.html,4,html,f38ce9cf,ColecamC,2026-04-03,19:20:15,-07:00,2026-04-03T19:20:15-07:00,2,20
contact\index.html,5,html,f38ce9cf,ColecamC,2026-04-03,19:20:15,-07:00,2026-04-03T19:20:15-07:00,2,68
contact\index.html,6,html,f38ce9cf,ColecamC,2026-04-03,19:20:15,-07:00,2026-04-03T19:20:15-07:00,2,20
contact\index.html,7,html,51d1160e,ColecamC,2026-04-18,21:28:28,-07:00,2026-04-18T21:28:28-07:00,2,48
contact\index.html,8,html,f38ce9cf,ColecamC,2026-04-03,19:20:15,-07:00,2026-04-03T19:20:15-07:00,2,41
contact\index.html,9,html,f38ce9cf,ColecamC,2026-04-03,19:20:15,-07:00,2026-04-03T19:20:15-07:00,0,0
contact\index.html,10,html,f38ce9cf,ColecamC,2026-04-03,19:20:15,-07:00,2026-04-03T19:20:15-07:00,0,5
contact\index.html,11,html,f38ce9cf,ColecamC,2026-04-03,19:20:15,-07:00,2026-04-03T19:20:15-07:00,0,4
contact\index.html,12,html,ee25c528,ColecamC,2026-04-18,22:55:16,-07:00,2026-04-18T22:55:16-07:00,2,0
contact\index.html,13,html,d2366d26,ColecamC,2026-04-10,21:38:26,-07:00,2026-04-10T21:38:26-07:00,2,14
contact\index.html,14,html,d2366d26,ColecamC,2026-04-10,21:38:26,-07:00,2026-04-10T21:38:26-07:00,2,0
contact\index.html,15,html,f38ce9cf,ColecamC,2026-04-03,19:20:15,-07:00,2026-04-03T19:20:15-07:00,0,0
contact\index.html,16,html,ee25c528,ColecamC,2026-04-18,22:55:16,-07:00,2026-04-18T22:55:16-07:00,2,54
contact\index.html,17,html,ee25c528,ColecamC,2026-04-18,22:55:16,-07:00,2026-04-18T22:55:16-07:00,4,99
contact\index.html,18,html,f38ce9cf,ColecamC,2026-04-03,19:20:15,-07:00,2026-04-03T19:20:15-07:00,4,57
contact\index.html,19,html,f38ce9cf,ColecamC,2026-04-03,19:20:15,-07:00,2026-04-03T19:20:15-07:00,4,70
contact\index.html,20,html,f38ce9cf,ColecamC,2026-04-03,19:20:15,-07:00,2026-04-03T19:20:15-07:00,4,19
contact\index.html,21,html,f38ce9cf,ColecamC,2026-04-03,19:20:15,-07:00,2026-04-03T19:20:15-07:00,2,5
contact\index.html,22,html,f38ce9cf,ColecamC,2026-04-03,19:20:15,-07:00,2026-04-03T19:20:15-07:00,0,5
contact\index.html,23,html,f38ce9cf,ColecamC,2026-04-03,19:20:15,-07:00,2026-04-03T19:20:15-07:00,0,5
